#VRML V2.0 utf8

Shape {
  appearance Appearance {
    material Material {
      diffuseColor 0.8431 0.8157 0.7529
      specularColor 0.2510 0.2431 0.2275
      ambientIntensity 0.2
      transparency 0.0000
      shininess 0.5
    }
  }
  geometry IndexedFaceSet {
    ccw TRUE
    solid FALSE
    coord DEF co Coordinate {
      point [
        2.854331 1.377953 3.740157,
        1.626715 -0.248335 3.740157,
        2.854331 -0.337458 3.740157,
        1.626715 -0.306670 3.740157,
        1.259447 0.057422 3.740157,
        1.290628 0.107094 3.740157,
        1.198926 1.377953 3.740157,
        1.626715 0.111396 3.740157,
        1.566848 0.137032 3.740157,
        1.617190 -0.253612 3.740157,
        1.502247 0.145425 3.740157,
        1.449911 0.139548 3.740157,
        1.414974 -0.333908 3.740157,
        1.363459 -0.316176 3.740157,
        1.198926 -0.337458 3.740157,
        1.320706 -0.288875 3.740157,
        1.280784 -0.246846 3.740157,
        1.252470 -0.196308 3.740157,
        1.338653 0.153227 3.740157,
        1.389147 0.182250 3.740157,
        1.448400 0.199427 3.740157,
        1.410130 0.125191 3.740157,
        1.373343 0.100581 3.740157,
        1.341247 0.065148 3.740157,
        1.302632 -0.074141 3.740157,
        1.308014 -0.131678 3.740157,
        1.322454 -0.177395 3.740157,
        1.440723 -0.276804 3.740157,
        1.490297 -0.282364 3.740157,
        1.401996 -0.262546 3.740157,
        1.369376 -0.240561 3.740157,
        1.344436 -0.214249 3.740157,
        1.560848 -0.274533 3.740157,
        1.319335 0.024111 3.740157,
        1.305168 -0.032787 3.740157,
        1.501640 0.203760 3.740157,
        1.565266 0.199370 3.740157,
        1.626715 0.182695 3.740157,
        1.236474 -0.140050 3.740157,
        1.231334 -0.078496 3.740157,
        1.238980 -0.002933 3.740157,
        1.570061 -0.329933 3.740157,
        1.516354 -0.337458 3.740157,
        2.854331 -1.377953 3.740157,
        1.198926 -1.377953 3.740157,
        1.495006 -0.340450 3.740157,
        1.480473 -0.340699 3.740157,
        1.449217 -0.337458 3.740157,
        -2.224409 0.551181 3.740157,
        -2.250427 0.551181 3.740157,
        -2.250427 -0.337458 3.740157,
        -1.283550 -0.258868 3.740157,
        -1.283550 -0.113841 3.740157,
        -1.289970 -0.262186 3.740157,
        -1.400220 -0.113841 3.740157,
        -1.333040 -0.277154 3.740157,
        -1.212252 -0.055506 3.740157,
        -1.212252 -0.296037 3.740157,
        -1.166880 -0.337458 3.740157,
        -2.027559 1.377953 3.740157,
        -2.027559 0.748031 3.740157,
        -1.225215 0.176213 3.740157,
        -2.034267 0.697083 3.740157,
        -2.053932 0.649606 3.740157,
        -1.474917 -0.263488 3.740157,
        -1.437984 -0.276659 3.740157,
        -1.385636 -0.282364 3.740157,
        -1.560626 0.018724 3.740157,
        -1.572372 -0.029167 3.740157,
        -1.400220 -0.055506 3.740157,
        -1.575224 -0.070900 3.740157,
        -1.570034 -0.129997 3.740157,
        -1.556331 -0.176211 3.740157,
        -1.348053 0.144335 3.740157,
        -1.282976 0.131824 3.740157,
        -1.225215 0.104915 3.740157,
        -1.166880 1.377953 3.740157,
        -2.125984 0.577554 3.740157,
        -1.617257 0.058137 3.740157,
        -2.085215 0.608837 3.740157,
        -1.580212 0.113167 3.740157,
        -1.560974 -0.282973 3.740157,
        -1.600157 -0.239664 3.740157,
        -1.535591 -0.212676 3.740157,
        -1.506609 -0.243210 3.740157,
        -1.422235 -0.337458 3.740157,
        -1.458566 -0.333651 3.740157,
        -1.511596 -0.315353 3.740157,
        -1.376622 0.145425 3.740157,
        -1.428586 0.139344 3.740157,
        -1.468830 0.124285 3.740157,
        -1.533492 0.155504 3.740157,
        -1.481106 0.183884 3.740157,
        -1.420898 0.200110 3.740157,
        -2.173461 0.557889 3.740157,
        -1.627565 -0.187852 3.740157,
        -1.642554 -0.130328 3.740157,
        -1.505628 0.099073 3.740157,
        -1.538312 0.062174 3.740157,
        -1.370343 0.203760 3.740157,
        -1.296241 0.197788 3.740157,
        -1.646523 -0.075457 3.740157,
        -1.638385 -0.001077 3.740157,
        -1.298815 -0.330100 3.740157,
        -1.363028 -0.337458 3.740157,
        -1.166880 -1.377953 3.740157,
        -2.250427 -1.377953 3.740157,
        -1.391307 -0.340699 3.740157,
        -0.810389 0.182695 3.740157,
        -0.810389 0.124360 3.740157,
        -0.742331 -0.337458 3.740157,
        -0.973695 -0.337458 3.740157,
        -0.993119 -0.335054 3.740157,
        -1.024675 -0.322660 3.740157,
        -0.990817 0.182700 3.740157,
        -0.946752 0.198723 3.740157,
        -0.891018 -0.001403 3.740157,
        -0.859361 -0.012399 3.740157,
        -0.830115 -0.031993 3.740157,
        -0.807209 -0.057669 3.740157,
        -0.742331 1.377953 3.740157,
        -0.853580 0.199514 3.740157,
        -0.823101 0.189717 3.740157,
        -1.053579 -0.302125 3.740157,
        -1.077219 -0.275249 3.740157,
        -1.099956 -0.232777 3.740157,
        -0.899917 0.203760 3.740157,
        -0.783030 -0.210108 3.740157,
        -0.796536 -0.248680 3.740157,
        -0.817787 -0.281555 3.740157,
        -0.845019 -0.307914 3.740157,
        -1.092669 0.064717 3.740157,
        -1.061638 0.120136 3.740157,
        -1.027294 0.157866 3.740157,
        -1.054362 -0.072926 3.740157,
        -1.052641 -0.072926 3.740157,
        -1.050270 -0.016431 3.740157,
        -1.033193 -0.042772 3.740157,
        -1.034179 0.044723 3.740157,
        -1.011722 -0.022011 3.740157,
        -1.012810 0.084531 3.740157,
        -0.986328 -0.007432 3.740157,
        -0.986987 0.113512 3.740157,
        -0.958531 0.000530 3.740157,
        -0.960726 0.131341 3.740157,
        -0.930907 0.002829 3.740157,
        -0.853254 0.140093 3.740157,
        -0.898600 0.145425 3.740157,
        -0.932856 0.141557 3.740157,
        -0.790249 -0.089720 3.740157,
        -0.779746 -0.132449 3.740157,
        -0.777980 -0.162048 3.740157,
        -1.117185 -0.165392 3.740157,
        -1.121508 -0.099966 3.740157,
        -1.114036 -0.009582 3.740157,
        -0.875609 -0.326259 3.740157,
        -0.911688 -0.337458 3.740157,
        -0.742331 -1.377953 3.740157,
        -0.911927 -0.337533 3.740157,
        -0.947516 -0.340699 3.740157,
        -0.572896 -0.340699 3.740157,
        -0.604348 -0.337458 3.740157,
        -0.689647 -0.321295 3.740157,
        -0.706682 -0.313152 3.740157,
        -0.402044 0.189176 3.740157,
        -0.402044 0.111396 3.740157,
        -0.340468 -0.337458 3.740157,
        -0.706682 -0.235372 3.740157,
        -0.641301 -0.333650 3.740157,
        -0.447165 -0.083217 3.740157,
        -0.414589 -0.112782 3.740157,
        -0.650106 -0.046075 3.740157,
        -0.679923 -0.018295 3.740157,
        -0.695003 0.006295 3.740157,
        -0.386783 -0.234534 3.740157,
        -0.396639 -0.261463 3.740157,
        -0.413809 -0.286385 3.740157,
        -0.436037 -0.305791 3.740157,
        -0.466074 -0.322227 3.740157,
        -0.517949 -0.336691 3.740157,
        -0.528465 -0.337458 3.740157,
        -0.396579 -0.139283 3.740157,
        -0.386421 -0.165769 3.740157,
        -0.382599 -0.197191 3.740157,
        -0.704097 0.034409 3.740157,
        -0.706682 0.061164 3.740157,
        -0.701919 0.097893 3.740157,
        -0.691532 0.123328 3.740157,
        -0.522461 -0.039707 3.740157,
        -0.442228 0.132261 3.740157,
        -0.571863 -0.013529 3.740157,
        -0.487663 0.143120 3.740157,
        -0.524385 0.145425 3.740157,
        -0.576745 -0.089636 3.740157,
        -0.667828 -0.259248 3.740157,
        -0.504510 -0.127973 3.740157,
        -0.604914 -0.278588 3.740157,
        -0.497107 -0.132693 3.740157,
        -0.564997 -0.282364 3.740157,
        -0.526404 -0.279391 3.740157,
        -0.674827 0.146405 3.740157,
        -0.652004 0.166208 3.740157,
        -0.622117 0.183380 3.740157,
        -0.577469 0.198030 3.740157,
        -0.518714 0.203760 3.740157,
        -0.340468 1.377953 3.740157,
        -0.459709 0.201238 3.740157,
        -0.499431 -0.272097 3.740157,
        -0.480368 -0.261574 3.740157,
        -0.469301 -0.251144 3.740157,
        -0.627456 0.033215 3.740157,
        -0.633050 0.047871 3.740157,
        -0.635384 0.068152 3.740157,
        -0.618469 0.020032 3.740157,
        -0.602169 0.005739 3.740157,
        -0.462264 -0.240606 3.740157,
        -0.456145 -0.224030 3.740157,
        -0.453897 -0.203065 3.740157,
        -0.456209 -0.184205 3.740157,
        -0.462230 -0.169083 3.740157,
        -0.475231 -0.151257 3.740157,
        -0.621270 0.109988 3.740157,
        -0.629017 0.097930 3.740157,
        -0.633717 0.084257 3.740157,
        -0.561593 0.142053 3.740157,
        -0.589810 0.133028 3.740157,
        -0.609159 0.121627 3.740157,
        0.738728 0.197278 3.740157,
        0.677152 1.377953 3.740157,
        0.677152 -0.337458 3.740157,
        1.139978 -0.188546 3.740157,
        1.109498 -0.236085 3.740157,
        1.065750 -0.277972 3.740157,
        1.010255 -0.310223 3.740157,
        0.965504 0.189070 3.740157,
        1.027674 0.167242 3.740157,
        1.085527 0.128476 3.740157,
        0.888718 0.197278 3.740157,
        1.086130 0.127946 3.740157,
        1.123703 0.086269 3.740157,
        1.148395 0.040555 3.740157,
        0.949012 -0.328477 3.740157,
        0.883249 -0.334218 3.740157,
        0.738728 -0.334218 3.740157,
        1.162661 -0.011813 3.740157,
        1.166518 -0.061785 3.740157,
        1.159059 -0.132915 3.740157,
        0.414645 -0.100878 3.740157,
        0.369274 1.377953 3.740157,
        0.369274 -0.337458 3.740157,
        0.615576 -0.100878 3.740157,
        0.615576 -0.152731 3.740157,
        0.414645 -0.152731 3.740157,
        0.310939 0.061366 3.740157,
        0.305709 0.012517 3.740157,
        0.323902 -0.275883 3.740157,
        -0.006663 -0.307886 3.740157,
        -0.002093 -0.257752 3.740157,
        -0.052034 -0.337458 3.740157,
        0.195458 0.199509 3.740157,
        0.231247 0.188086 3.740157,
        0.263441 0.168111 3.740157,
        0.049069 0.176268 3.740157,
        -0.052034 1.377953 3.740157,
        0.012782 0.145830 3.740157,
        0.012782 0.080811 3.740157,
        0.011083 -0.218508 3.740157,
        0.032627 -0.184960 3.740157,
        0.076161 -0.141605 3.740157,
        0.290838 -0.028098 3.740157,
        0.269472 -0.060159 3.740157,
        0.218750 -0.108308 3.740157,
        0.131882 -0.099467 3.740157,
        0.137656 -0.095409 3.740157,
        0.030797 0.098103 3.740157,
        0.085033 0.193839 3.740157,
        0.126975 0.202701 3.740157,
        0.150315 0.203760 3.740157,
        0.284912 0.146029 3.740157,
        0.299354 0.121368 3.740157,
        0.308090 0.093063 3.740157,
        0.323902 -0.334218 3.740157,
        -0.006663 -0.334218 3.740157,
        0.192142 -0.127817 3.740157,
        0.109183 -0.188542 3.740157,
        0.083572 -0.213836 3.740157,
        0.232339 -0.003580 3.740157,
        0.242778 0.025452 3.740157,
        0.067573 0.124006 3.740157,
        0.071857 -0.231872 3.740157,
        0.065435 -0.250865 3.740157,
        0.063015 -0.275883 3.740157,
        0.212132 -0.032778 3.740157,
        0.246122 0.056201 3.740157,
        0.243738 0.079233 3.740157,
        0.237666 0.096863 3.740157,
        0.199526 0.134147 3.740157,
        0.174531 0.142512 3.740157,
        0.143833 0.145425 3.740157,
        0.103971 0.139537 3.740157,
        0.228265 0.111743 3.740157,
        0.215958 0.123784 3.740157,
        -0.298337 -0.100878 3.740157,
        -0.097406 -0.100878 3.740157,
        -0.097406 -0.152731 3.740157,
        -0.298337 -0.152731 3.740157,
        -0.340468 -1.377953 3.740157,
        -0.052034 -1.377953 3.740157,
        0.369274 -1.377953 3.740157,
        0.677152 -1.377953 3.740157,
        -2.854331 0.551181 3.740157,
        -2.854331 -0.337458 3.740157,
        -2.854331 -1.377953 3.740157,
      ]
    }
    coordIndex [
      0, 1, 2, -1,
      2, 1, 3, -1,
      4, 5, 6, -1,
      0, 7, 1, -1,
      1, 7, 8, -1,
      1, 8, 9, -1,
      9, 8, 10, -1,
      9, 10, 11, -1,
      12, 13, 14, -1,
      13, 15, 14, -1,
      14, 15, 16, -1,
      14, 16, 17, -1,
      5, 18, 6, -1,
      6, 18, 19, -1,
      6, 19, 20, -1,
      11, 21, 9, -1,
      9, 21, 22, -1,
      9, 22, 23, -1,
      24, 25, 9, -1,
      9, 25, 26, -1,
      27, 28, 29, -1,
      29, 28, 30, -1,
      26, 31, 9, -1,
      9, 31, 30, -1,
      9, 30, 32, -1,
      32, 30, 28, -1,
      23, 33, 9, -1,
      9, 33, 34, -1,
      9, 34, 24, -1,
      20, 35, 6, -1,
      6, 35, 36, -1,
      6, 36, 0, -1,
      0, 36, 37, -1,
      0, 37, 7, -1,
      17, 38, 14, -1,
      14, 38, 39, -1,
      14, 39, 6, -1,
      6, 39, 40, -1,
      6, 40, 4, -1,
      3, 41, 2, -1,
      2, 41, 42, -1,
      2, 42, 43, -1,
      43, 42, 44, -1,
      42, 45, 44, -1,
      44, 45, 46, -1,
      44, 46, 47, -1,
      48, 49, 50, -1,
      51, 52, 53, -1,
      53, 52, 54, -1,
      53, 54, 55, -1,
      56, 57, 58, -1,
      59, 60, 61, -1,
      61, 60, 62, -1,
      61, 62, 63, -1,
      64, 65, 54, -1,
      54, 65, 66, -1,
      54, 66, 55, -1,
      67, 68, 69, -1,
      69, 68, 70, -1,
      69, 70, 54, -1,
      54, 70, 71, -1,
      54, 71, 72, -1,
      73, 69, 74, -1,
      74, 69, 56, -1,
      74, 56, 75, -1,
      75, 56, 58, -1,
      75, 58, 61, -1,
      61, 58, 76, -1,
      61, 76, 59, -1,
      77, 78, 79, -1,
      79, 78, 80, -1,
      79, 80, 63, -1,
      50, 81, 82, -1,
      72, 83, 54, -1,
      54, 83, 84, -1,
      54, 84, 64, -1,
      85, 86, 50, -1,
      50, 86, 87, -1,
      50, 87, 81, -1,
      73, 88, 69, -1,
      69, 88, 89, -1,
      69, 89, 90, -1,
      80, 91, 63, -1,
      63, 91, 92, -1,
      63, 92, 93, -1,
      48, 50, 94, -1,
      94, 50, 82, -1,
      94, 82, 77, -1,
      77, 82, 95, -1,
      77, 95, 96, -1,
      90, 97, 69, -1,
      69, 97, 98, -1,
      69, 98, 67, -1,
      93, 99, 63, -1,
      63, 99, 100, -1,
      63, 100, 61, -1,
      96, 101, 77, -1,
      77, 101, 102, -1,
      77, 102, 78, -1,
      57, 103, 58, -1,
      58, 103, 104, -1,
      58, 104, 105, -1,
      50, 106, 85, -1,
      85, 106, 105, -1,
      85, 105, 107, -1,
      107, 105, 104, -1,
      108, 109, 110, -1,
      105, 111, 58, -1,
      58, 111, 112, -1,
      58, 112, 113, -1,
      76, 114, 115, -1,
      116, 117, 109, -1,
      109, 117, 118, -1,
      109, 118, 119, -1,
      120, 121, 122, -1,
      113, 123, 58, -1,
      58, 123, 124, -1,
      58, 124, 125, -1,
      76, 115, 120, -1,
      120, 115, 126, -1,
      120, 126, 121, -1,
      127, 128, 110, -1,
      110, 128, 129, -1,
      110, 129, 130, -1,
      131, 132, 76, -1,
      76, 132, 133, -1,
      76, 133, 114, -1,
      134, 135, 136, -1,
      136, 135, 137, -1,
      136, 137, 138, -1,
      138, 137, 139, -1,
      138, 139, 140, -1,
      140, 139, 141, -1,
      140, 141, 142, -1,
      142, 141, 143, -1,
      142, 143, 144, -1,
      144, 143, 145, -1,
      109, 146, 116, -1,
      116, 146, 147, -1,
      116, 147, 145, -1,
      145, 147, 148, -1,
      145, 148, 144, -1,
      119, 149, 109, -1,
      109, 149, 150, -1,
      109, 150, 110, -1,
      110, 150, 151, -1,
      110, 151, 127, -1,
      125, 152, 58, -1,
      58, 152, 153, -1,
      58, 153, 76, -1,
      76, 153, 154, -1,
      76, 154, 131, -1,
      130, 155, 110, -1,
      110, 155, 156, -1,
      110, 156, 157, -1,
      157, 156, 158, -1,
      157, 158, 105, -1,
      105, 158, 159, -1,
      105, 159, 111, -1,
      157, 160, 161, -1,
      162, 163, 110, -1,
      164, 165, 166, -1,
      122, 108, 120, -1,
      120, 108, 110, -1,
      120, 110, 167, -1,
      167, 110, 163, -1,
      157, 161, 110, -1,
      110, 161, 168, -1,
      110, 168, 162, -1,
      169, 170, 165, -1,
      171, 172, 167, -1,
      167, 172, 173, -1,
      174, 175, 166, -1,
      166, 175, 176, -1,
      166, 176, 177, -1,
      177, 178, 166, -1,
      166, 178, 179, -1,
      166, 179, 180, -1,
      170, 181, 165, -1,
      165, 181, 182, -1,
      165, 182, 166, -1,
      166, 182, 183, -1,
      166, 183, 174, -1,
      173, 184, 167, -1,
      167, 184, 185, -1,
      167, 185, 120, -1,
      120, 185, 186, -1,
      120, 186, 187, -1,
      169, 165, 188, -1,
      188, 165, 189, -1,
      188, 189, 190, -1,
      190, 189, 191, -1,
      190, 191, 192, -1,
      171, 167, 193, -1,
      193, 167, 194, -1,
      193, 194, 195, -1,
      195, 194, 196, -1,
      195, 196, 197, -1,
      197, 196, 198, -1,
      197, 198, 199, -1,
      187, 200, 120, -1,
      120, 200, 201, -1,
      120, 201, 202, -1,
      202, 203, 120, -1,
      120, 203, 204, -1,
      120, 204, 205, -1,
      205, 204, 206, -1,
      205, 206, 164, -1,
      199, 207, 197, -1,
      197, 207, 208, -1,
      197, 208, 209, -1,
      210, 192, 211, -1,
      211, 192, 212, -1,
      210, 213, 192, -1,
      192, 213, 214, -1,
      192, 214, 190, -1,
      209, 215, 197, -1,
      197, 215, 216, -1,
      197, 216, 217, -1,
      218, 219, 217, -1,
      217, 219, 220, -1,
      217, 220, 197, -1,
      221, 222, 223, -1,
      192, 224, 212, -1,
      212, 224, 225, -1,
      212, 225, 223, -1,
      223, 225, 226, -1,
      223, 226, 221, -1,
      227, 228, 229, -1,
      230, 231, 14, -1,
      14, 231, 232, -1,
      14, 232, 233, -1,
      234, 235, 6, -1,
      6, 235, 236, -1,
      228, 227, 6, -1,
      6, 227, 237, -1,
      6, 237, 234, -1,
      236, 238, 6, -1,
      6, 238, 239, -1,
      6, 239, 240, -1,
      233, 241, 14, -1,
      14, 241, 242, -1,
      14, 242, 229, -1,
      229, 242, 243, -1,
      229, 243, 227, -1,
      240, 244, 6, -1,
      6, 244, 245, -1,
      6, 245, 14, -1,
      14, 245, 246, -1,
      14, 246, 230, -1,
      247, 248, 249, -1,
      248, 247, 228, -1,
      228, 247, 250, -1,
      228, 250, 229, -1,
      229, 250, 251, -1,
      229, 251, 249, -1,
      249, 251, 252, -1,
      249, 252, 247, -1,
      253, 254, 255, -1,
      256, 257, 258, -1,
      259, 260, 248, -1,
      248, 260, 261, -1,
      262, 263, 264, -1,
      264, 263, 258, -1,
      264, 258, 265, -1,
      265, 258, 257, -1,
      257, 266, 265, -1,
      265, 266, 267, -1,
      265, 267, 268, -1,
      254, 269, 255, -1,
      255, 269, 270, -1,
      255, 270, 271, -1,
      268, 272, 265, -1,
      265, 272, 273, -1,
      265, 273, 274, -1,
      262, 275, 263, -1,
      263, 275, 276, -1,
      263, 276, 248, -1,
      248, 276, 277, -1,
      248, 277, 259, -1,
      261, 278, 248, -1,
      248, 278, 279, -1,
      248, 279, 280, -1,
      280, 253, 248, -1,
      248, 253, 255, -1,
      248, 255, 249, -1,
      249, 255, 281, -1,
      249, 281, 258, -1,
      258, 281, 282, -1,
      258, 282, 256, -1,
      271, 283, 255, -1,
      255, 283, 284, -1,
      255, 284, 285, -1,
      286, 287, 288, -1,
      285, 289, 255, -1,
      255, 289, 290, -1,
      255, 290, 291, -1,
      274, 273, 288, -1,
      288, 273, 292, -1,
      288, 292, 286, -1,
      287, 293, 288, -1,
      288, 293, 294, -1,
      288, 294, 295, -1,
      296, 297, 288, -1,
      288, 297, 298, -1,
      288, 298, 299, -1,
      295, 300, 288, -1,
      288, 300, 301, -1,
      288, 301, 296, -1,
      164, 166, 205, -1,
      205, 166, 302, -1,
      205, 302, 263, -1,
      263, 302, 303, -1,
      263, 303, 258, -1,
      258, 303, 304, -1,
      258, 304, 166, -1,
      166, 304, 305, -1,
      166, 305, 302, -1,
      160, 157, 180, -1,
      180, 157, 306, -1,
      180, 306, 166, -1,
      166, 306, 307, -1,
      166, 307, 258, -1,
      258, 307, 308, -1,
      258, 308, 249, -1,
      249, 308, 309, -1,
      249, 309, 229, -1,
      229, 309, 44, -1,
      229, 44, 14, -1,
      14, 44, 47, -1,
      14, 47, 12, -1,
      49, 310, 50, -1,
      50, 310, 311, -1,
      50, 311, 106, -1,
      106, 311, 312, -1,
    ]
  }
}

Shape {
  appearance Appearance {
    material Material {
      diffuseColor 0.4980 0.4980 0.4980
      specularColor 0.1490 0.1490 0.1490
      ambientIntensity 0.2
      transparency 0.0000
      shininess 0.5
    }
  }
  geometry IndexedFaceSet {
    ccw TRUE
    solid FALSE
    coord DEF co Coordinate {
      point [
        -2.755906 -1.279528 0.314961,
        -2.755906 -1.169291 0.314961,
        -1.735975 -1.169291 0.314961,
        0.580714 -0.019563 0.314961,
        0.580714 0.590734 0.314961,
        0.602133 0.590734 0.314961,
        -0.659255 -0.067388 0.314961,
        -0.514511 -0.239723 0.314961,
        -0.554293 -0.225367 0.314961,
        -0.379483 -0.229461 0.314961,
        -0.397574 -0.237208 0.314961,
        -0.462175 -0.245601 0.314961,
        -0.661790 -0.026035 0.314961,
        -0.656409 0.031503 0.314961,
        -0.641969 0.077219 0.314961,
        -0.619987 0.114073 0.314961,
        -0.595046 0.140385 0.314961,
        -0.562426 0.162371 0.314961,
        -0.591080 -0.200756 0.314961,
        -0.623176 -0.165323 0.314961,
        -0.645088 -0.124286 0.314961,
        -0.523700 0.176628 0.314961,
        -0.474126 0.182189 0.314961,
        -0.403574 0.174358 0.314961,
        -0.337707 0.148160 0.314961,
        -0.337707 -0.211572 0.314961,
        -0.347233 0.153437 0.314961,
        -0.379483 0.165412 0.314961,
        -0.337707 -0.282870 0.314961,
        -0.285854 -0.300695 0.314961,
        -0.379483 -0.294207 0.314961,
        -0.379483 -0.300695 0.314961,
        -0.399157 -0.299545 0.314961,
        -0.415817 -0.300695 0.314961,
        -0.618110 -0.940945 0.314961,
        -0.618110 -1.059055 0.314961,
        -0.755774 -1.169291 0.314961,
        -0.502601 -0.300695 0.314961,
        -0.462783 -0.303936 0.314961,
        -0.421260 -0.940945 0.314961,
        -0.379483 -1.169291 0.314961,
        -0.421260 -1.059055 0.314961,
        -0.285854 0.590734 0.314961,
        -0.337707 0.206495 0.314961,
        -0.379483 0.590734 0.314961,
        -0.379483 0.223648 0.314961,
        -0.394362 0.229757 0.314961,
        -0.600964 0.216001 0.314961,
        -0.643717 0.188700 0.314961,
        -0.755774 0.590734 0.314961,
        -0.683639 0.146670 0.314961,
        -0.711953 0.096133 0.314961,
        -0.704975 -0.157598 0.314961,
        -0.673794 -0.207270 0.314961,
        -0.755774 -0.300695 0.314961,
        -0.625770 -0.253403 0.314961,
        -0.575275 -0.282425 0.314961,
        -0.516022 -0.299602 0.314961,
        -0.469417 0.240274 0.314961,
        -0.483950 0.240524 0.314961,
        -0.549449 0.233732 0.314961,
        -0.727949 0.039874 0.314961,
        -0.733088 -0.021680 0.314961,
        -0.725443 -0.097243 0.314961,
        0.575230 0.032739 0.314961,
        0.556148 0.088370 0.314961,
        0.525669 0.135910 0.314961,
        0.481921 0.177797 0.314961,
        0.426426 0.210047 0.314961,
        0.365183 0.228302 0.314961,
        0.304889 -0.297454 0.314961,
        0.580714 -0.300695 0.314961,
        0.103046 -0.300695 0.314961,
        0.381675 -0.289246 0.314961,
        0.443845 -0.267418 0.314961,
        0.501698 -0.228652 0.314961,
        0.502301 -0.228122 0.314961,
        0.539874 -0.186444 0.314961,
        0.564566 -0.140730 0.314961,
        0.582689 -0.038390 0.314961,
        0.602133 -0.300695 0.314961,
        0.580714 -0.063974 0.314961,
        0.578833 -0.088362 0.314961,
        0.299420 0.234042 0.314961,
        0.103046 0.590734 0.314961,
        0.154899 0.234042 0.314961,
        0.154899 -0.297454 0.314961,
        -2.618110 0.940945 0.314961,
        -2.421260 0.940945 0.314961,
        -1.735975 0.590734 0.314961,
        -2.421260 1.059055 0.314961,
        -1.735975 1.279528 0.314961,
        -2.755906 1.279528 0.314961,
        -2.618110 1.059055 0.314961,
        -2.755906 0.590734 0.314961,
        -0.755774 1.279528 0.314961,
        -0.421260 0.940945 0.314961,
        -0.618110 0.940945 0.314961,
        -0.618110 1.059055 0.314961,
        -0.421260 1.059055 0.314961,
        -0.379483 1.279528 0.314961,
        0.381890 0.940945 0.314961,
        0.578740 0.940945 0.314961,
        0.580714 1.279528 0.314961,
        0.578740 1.059055 0.314961,
        0.103046 1.279528 0.314961,
        0.381890 1.059055 0.314961,
        -0.285854 1.279528 0.314961,
        1.241556 1.279528 0.314961,
        0.602133 1.279528 0.314961,
        1.381890 0.940945 0.314961,
        1.578740 0.940945 0.314961,
        2.167323 0.590734 0.314961,
        2.167323 1.279528 0.314961,
        1.578740 1.059055 0.314961,
        -2.755906 -0.300695 0.314961,
        -1.735975 -0.300695 0.314961,
        -0.979391 0.175707 0.314961,
        -0.778460 0.175707 0.314961,
        -0.979391 -0.297454 0.314961,
        -1.050690 -0.297454 0.314961,
        -1.050690 0.234042 0.314961,
        -0.778460 0.234042 0.314961,
        0.038229 -0.297454 0.314961,
        0.038229 -0.239119 0.314961,
        0.051193 0.175707 0.314961,
        0.051193 0.234042 0.314961,
        -0.234001 0.234042 0.314961,
        -0.234001 -0.297454 0.314961,
        -0.162702 -0.005780 0.314961,
        -0.162702 0.175707 0.314961,
        0.025266 -0.005780 0.314961,
        0.025266 -0.064114 0.314961,
        -0.162702 -0.064114 0.314961,
        -0.162702 -0.239119 0.314961,
        1.023441 0.234042 0.314961,
        0.969664 0.084964 0.314961,
        0.750098 0.084964 0.314961,
        0.621578 0.234042 0.314961,
        1.381890 1.059055 0.314961,
        1.241556 0.590734 0.314961,
        0.699358 0.234042 0.314961,
        0.822510 -0.297454 0.314961,
        0.893808 -0.297454 0.314961,
        1.241556 -0.300695 0.314961,
        1.101221 0.234042 0.314961,
        2.167323 -0.300695 0.314961,
        -2.421260 -1.059055 0.314961,
        -2.421260 -0.940945 0.314961,
        -2.618110 -0.940945 0.314961,
        -2.618110 -1.059055 0.314961,
        -0.285854 -1.169291 0.314961,
        0.103046 -1.169291 0.314961,
        0.578740 -1.059055 0.314961,
        0.578740 -0.940945 0.314961,
        0.580714 -1.169291 0.314961,
        0.381890 -1.059055 0.314961,
        0.381890 -0.940945 0.314961,
        0.602133 -1.169291 0.314961,
        1.241556 -1.169291 0.314961,
        1.381890 -1.059055 0.314961,
        1.578740 -1.059055 0.314961,
        1.381890 -0.940945 0.314961,
        1.578740 -0.940945 0.314961,
        2.167323 -1.169291 0.314961,
        2.755906 1.279528 0.314961,
        2.755906 0.590734 0.314961,
        2.755906 -0.300695 0.314961,
        2.755906 -1.169291 0.314961,
        -1.735975 -1.279528 0.314961,
        -0.755774 -1.279528 0.314961,
        -0.379483 -1.279528 0.314961,
        -0.285854 -1.279528 0.314961,
        0.103046 -1.279528 0.314961,
        0.580714 -1.279528 0.314961,
        0.602133 -1.279528 0.314961,
        1.241556 -1.279528 0.314961,
        2.167323 -1.279528 0.314961,
        2.755906 -1.279528 0.314961,
      ]
    }
    coordIndex [
      0, 1, 2, -1,
      3, 4, 5, -1,
      6, 7, 8, -1,
      9, 10, 6, -1,
      6, 10, 11, -1,
      6, 11, 7, -1,
      6, 12, 9, -1,
      9, 12, 13, -1,
      9, 13, 14, -1,
      14, 15, 9, -1,
      9, 15, 16, -1,
      9, 16, 17, -1,
      8, 18, 6, -1,
      6, 18, 19, -1,
      6, 19, 20, -1,
      17, 21, 9, -1,
      9, 21, 22, -1,
      9, 22, 23, -1,
      24, 25, 26, -1,
      26, 25, 9, -1,
      26, 9, 27, -1,
      27, 9, 23, -1,
      28, 29, 30, -1,
      30, 29, 31, -1,
      30, 31, 32, -1,
      32, 31, 33, -1,
      34, 35, 36, -1,
      37, 38, 39, -1,
      36, 35, 40, -1,
      40, 35, 41, -1,
      40, 41, 39, -1,
      28, 25, 29, -1,
      29, 25, 24, -1,
      29, 24, 42, -1,
      42, 24, 43, -1,
      42, 43, 44, -1,
      44, 43, 45, -1,
      44, 45, 46, -1,
      47, 48, 49, -1,
      49, 48, 50, -1,
      49, 50, 51, -1,
      52, 53, 54, -1,
      54, 53, 55, -1,
      54, 55, 56, -1,
      39, 34, 37, -1,
      37, 34, 54, -1,
      37, 54, 57, -1,
      57, 54, 56, -1,
      46, 58, 44, -1,
      44, 58, 59, -1,
      44, 59, 49, -1,
      49, 59, 60, -1,
      49, 60, 47, -1,
      51, 61, 49, -1,
      49, 61, 62, -1,
      49, 62, 54, -1,
      54, 62, 63, -1,
      54, 63, 52, -1,
      3, 64, 4, -1,
      4, 64, 65, -1,
      4, 65, 66, -1,
      66, 67, 4, -1,
      4, 67, 68, -1,
      4, 68, 69, -1,
      70, 71, 72, -1,
      70, 73, 71, -1,
      71, 73, 74, -1,
      71, 74, 75, -1,
      75, 76, 71, -1,
      71, 76, 77, -1,
      71, 77, 78, -1,
      79, 80, 81, -1,
      81, 80, 71, -1,
      81, 71, 82, -1,
      82, 71, 78, -1,
      69, 83, 84, -1,
      84, 83, 85, -1,
      84, 85, 72, -1,
      72, 85, 86, -1,
      72, 86, 70, -1,
      87, 88, 89, -1,
      88, 90, 91, -1,
      91, 90, 92, -1,
      92, 90, 93, -1,
      92, 93, 94, -1,
      88, 91, 89, -1,
      89, 91, 95, -1,
      89, 95, 49, -1,
      96, 44, 97, -1,
      97, 44, 49, -1,
      97, 49, 98, -1,
      98, 49, 95, -1,
      98, 95, 99, -1,
      99, 95, 100, -1,
      99, 100, 96, -1,
      69, 84, 4, -1,
      4, 84, 101, -1,
      4, 101, 102, -1,
      103, 104, 105, -1,
      105, 104, 106, -1,
      96, 100, 44, -1,
      44, 100, 107, -1,
      44, 107, 42, -1,
      42, 107, 105, -1,
      42, 105, 84, -1,
      84, 105, 106, -1,
      84, 106, 101, -1,
      108, 5, 109, -1,
      109, 5, 4, -1,
      109, 4, 103, -1,
      103, 4, 102, -1,
      103, 102, 104, -1,
      110, 111, 112, -1,
      112, 111, 113, -1,
      113, 111, 114, -1,
      113, 114, 108, -1,
      93, 87, 94, -1,
      94, 87, 89, -1,
      94, 89, 115, -1,
      115, 89, 116, -1,
      117, 118, 119, -1,
      119, 118, 54, -1,
      119, 54, 120, -1,
      120, 54, 116, -1,
      120, 116, 121, -1,
      121, 116, 89, -1,
      121, 89, 122, -1,
      122, 89, 49, -1,
      122, 49, 118, -1,
      118, 49, 54, -1,
      123, 72, 29, -1,
      123, 124, 72, -1,
      72, 124, 125, -1,
      72, 125, 84, -1,
      84, 125, 126, -1,
      84, 126, 42, -1,
      42, 126, 127, -1,
      42, 127, 29, -1,
      29, 127, 128, -1,
      29, 128, 123, -1,
      129, 130, 131, -1,
      131, 130, 125, -1,
      131, 125, 132, -1,
      132, 125, 124, -1,
      132, 124, 133, -1,
      133, 124, 134, -1,
      135, 136, 137, -1,
      138, 80, 5, -1,
      5, 80, 79, -1,
      5, 79, 3, -1,
      114, 139, 108, -1,
      108, 139, 140, -1,
      108, 140, 5, -1,
      5, 140, 141, -1,
      5, 141, 138, -1,
      138, 142, 80, -1,
      80, 142, 143, -1,
      80, 143, 144, -1,
      144, 143, 145, -1,
      144, 145, 140, -1,
      140, 145, 135, -1,
      140, 135, 141, -1,
      141, 135, 137, -1,
      139, 110, 140, -1,
      140, 110, 112, -1,
      140, 112, 144, -1,
      144, 112, 146, -1,
      2, 1, 147, -1,
      116, 148, 115, -1,
      115, 148, 149, -1,
      115, 149, 1, -1,
      1, 149, 150, -1,
      1, 150, 147, -1,
      34, 36, 54, -1,
      54, 36, 2, -1,
      54, 2, 116, -1,
      116, 2, 147, -1,
      116, 147, 148, -1,
      38, 33, 39, -1,
      39, 33, 31, -1,
      39, 31, 40, -1,
      40, 31, 29, -1,
      40, 29, 151, -1,
      151, 29, 72, -1,
      151, 72, 152, -1,
      153, 154, 155, -1,
      153, 155, 156, -1,
      156, 155, 152, -1,
      156, 152, 157, -1,
      157, 152, 72, -1,
      157, 72, 154, -1,
      154, 72, 71, -1,
      154, 71, 155, -1,
      155, 71, 80, -1,
      155, 80, 158, -1,
      158, 80, 144, -1,
      158, 144, 159, -1,
      159, 160, 161, -1,
      160, 159, 162, -1,
      162, 159, 144, -1,
      162, 144, 163, -1,
      163, 144, 146, -1,
      163, 146, 161, -1,
      161, 146, 164, -1,
      161, 164, 159, -1,
      113, 165, 112, -1,
      112, 165, 166, -1,
      112, 166, 146, -1,
      146, 166, 167, -1,
      146, 167, 164, -1,
      164, 167, 168, -1,
      0, 2, 169, -1,
      169, 2, 36, -1,
      169, 36, 170, -1,
      170, 36, 40, -1,
      170, 40, 171, -1,
      171, 40, 151, -1,
      171, 151, 172, -1,
      172, 151, 152, -1,
      172, 152, 173, -1,
      173, 152, 155, -1,
      173, 155, 174, -1,
      174, 155, 158, -1,
      174, 158, 175, -1,
      175, 158, 159, -1,
      175, 159, 176, -1,
      176, 159, 164, -1,
      176, 164, 177, -1,
      177, 164, 168, -1,
      177, 168, 178, -1,
    ]
  }
}

Shape {
  appearance Appearance {
    material Material {
      diffuseColor 0.8431 0.8157 0.7529
      specularColor 0.2510 0.2431 0.2275
      ambientIntensity 0.2
      transparency 0.0000
      shininess 0.5
    }
  }
  geometry IndexedFaceSet {
    ccw TRUE
    solid FALSE
    coord DEF co Coordinate {
      point [
        2.854331 1.377953 3.740157,
        2.854331 -1.377953 3.740157,
        -2.224409 0.551181 3.740157,
        -2.027559 1.377953 3.740157,
        -2.027559 0.748031 3.740157,
        -2.034267 0.697083 3.740157,
        -2.053932 0.649606 3.740157,
        -2.125984 0.577554 3.740157,
        -2.085215 0.608837 3.740157,
        -2.173461 0.557889 3.740157,
        -2.854331 0.551181 3.740157,
        -2.854331 -1.377953 3.740157,
        -2.755906 -1.279528 0.314961,
        -2.755906 -1.169291 0.314961,
        -1.735975 1.279528 0.314961,
        -2.755906 1.279528 0.314961,
        -2.755906 0.590734 0.314961,
        -0.755774 1.279528 0.314961,
        -0.379483 1.279528 0.314961,
        0.580714 1.279528 0.314961,
        0.103046 1.279528 0.314961,
        -0.285854 1.279528 0.314961,
        1.241556 1.279528 0.314961,
        0.602133 1.279528 0.314961,
        2.167323 1.279528 0.314961,
        -2.755906 -0.300695 0.314961,
        2.755906 1.279528 0.314961,
        2.755906 0.590734 0.314961,
        2.755906 -0.300695 0.314961,
        2.755906 -1.169291 0.314961,
        -1.735975 -1.279528 0.314961,
        -0.755774 -1.279528 0.314961,
        -0.379483 -1.279528 0.314961,
        -0.285854 -1.279528 0.314961,
        0.103046 -1.279528 0.314961,
        0.580714 -1.279528 0.314961,
        0.602133 -1.279528 0.314961,
        1.241556 -1.279528 0.314961,
        2.167323 -1.279528 0.314961,
        2.755906 -1.279528 0.314961,
        1.732283 -1.437008 0.118110,
        1.732283 -1.279528 0.118110,
        2.854331 -1.437008 0.118110,
        2.755906 -1.279528 0.118110,
        1.732283 1.279528 0.118110,
        1.732283 1.437008 0.118110,
        2.755906 1.279528 0.118110,
        2.854331 1.437008 0.118110,
        2.869615 1.434996 0.118110,
        2.891151 -1.424124 0.118110,
        2.879954 -1.431159 0.118110,
        2.867472 -1.435527 0.118110,
        2.911905 -1.391094 0.118110,
        2.907537 -1.403576 0.118110,
        2.900502 -1.414773 0.118110,
        2.883858 1.429096 0.118110,
        2.896089 1.419711 0.118110,
        2.905474 1.407480 0.118110,
        2.911374 1.393237 0.118110,
        2.913386 1.377953 0.118110,
        2.913386 -1.377953 0.118110,
        -1.732283 1.437008 0.118110,
        -1.732283 1.279528 0.118110,
        -2.854331 1.437008 0.118110,
        -2.755906 1.279528 0.118110,
        -2.869615 1.434996 0.118110,
        -2.883858 1.429096 0.118110,
        -1.732283 -1.279528 0.118110,
        -1.732283 -1.437008 0.118110,
        -2.755906 -1.279528 0.118110,
        -2.854331 -1.437008 0.118110,
        -2.869615 -1.434996 0.118110,
        -2.911374 1.393237 0.118110,
        -2.905474 1.407480 0.118110,
        -2.896089 1.419711 0.118110,
        -2.883858 -1.429096 0.118110,
        -2.896089 -1.419711 0.118110,
        -2.905474 -1.407480 0.118110,
        -2.911374 -1.393237 0.118110,
        -2.913386 -1.377953 0.118110,
        -2.913386 1.377953 0.118110,
        1.259843 -1.437008 0.118110,
        -1.259843 -1.437008 0.118110,
        1.259843 -1.279528 0.118110,
        -1.259843 -1.279528 0.118110,
        2.913386 -1.377953 3.681102,
        2.913386 1.377953 3.681102,
        1.359653 1.437008 0.000000,
        1.259843 1.437008 0.118110,
        1.632473 1.437008 -0.000000,
        1.350077 1.437008 0.001182,
        1.341076 1.437008 0.004659,
        -2.145669 1.437008 3.484252,
        -2.115100 1.437008 3.488276,
        -1.259843 1.437008 0.118110,
        2.854331 1.437008 3.681102,
        -2.027559 1.437008 3.681102,
        -2.027559 1.437008 3.602363,
        -2.031584 1.437008 3.571793,
        -2.854331 1.437008 3.484252,
        -1.632473 1.437008 0.000000,
        -1.665231 1.437008 0.017531,
        1.333191 1.437008 0.010220,
        1.326895 1.437008 0.017531,
        -1.333191 1.437008 0.010220,
        -1.341076 1.437008 0.004659,
        -1.658935 1.437008 0.010220,
        -1.642049 1.437008 0.001182,
        -1.651050 1.437008 0.004659,
        1.665231 1.437008 0.017531,
        1.658935 1.437008 0.010220,
        1.642049 1.437008 0.001182,
        1.651050 1.437008 0.004659,
        -2.086614 1.437008 3.500076,
        -2.062153 1.437008 3.518846,
        -2.043383 1.437008 3.543307,
        -1.326895 1.437008 0.017531,
        -1.350077 1.437008 0.001182,
        -1.359653 1.437008 -0.000000,
        -2.913386 0.551181 3.681102,
        -2.913386 0.551181 3.602363,
        -2.913386 -1.377953 3.681102,
        -2.913386 0.555206 3.571793,
        -2.913386 0.567005 3.543307,
        -2.913386 0.585775 3.518846,
        -2.913386 0.610236 3.500076,
        -2.913386 0.638722 3.488276,
        -2.913386 0.669291 3.484252,
        -2.913386 1.377953 3.484252,
        2.854331 -1.437008 3.681102,
        -2.854331 -1.437008 3.681102,
        -1.359653 -1.437008 0.000000,
        -1.632473 -1.437008 -0.000000,
        -1.350077 -1.437008 0.001182,
        -1.341076 -1.437008 0.004659,
        -1.333191 -1.437008 0.010220,
        -1.326895 -1.437008 0.017531,
        1.326895 -1.437008 0.017531,
        -1.665231 -1.437008 0.017531,
        -1.658935 -1.437008 0.010220,
        -1.642049 -1.437008 0.001182,
        -1.651050 -1.437008 0.004659,
        1.333191 -1.437008 0.010220,
        1.341076 -1.437008 0.004659,
        1.350077 -1.437008 0.001182,
        1.359653 -1.437008 0.000000,
        1.632473 -1.437008 -0.000000,
        1.665231 -1.437008 0.017531,
        1.642049 -1.437008 0.001182,
        1.651050 -1.437008 0.004659,
        1.658935 -1.437008 0.010220,
        1.259843 1.279528 0.118110,
        -1.259843 1.279528 0.118110,
        -1.665231 1.279528 0.017531,
        1.665231 1.279528 0.017531,
        -1.341076 1.279528 0.004659,
        -1.333191 1.279528 0.010220,
        -1.326895 1.279528 0.017531,
        -1.658935 1.279528 0.010220,
        -1.651050 1.279528 0.004659,
        -1.642049 1.279528 0.001182,
        -1.632473 1.279528 -0.000000,
        -1.359653 1.279528 0.000000,
        -1.350077 1.279528 0.001182,
        1.326895 1.279528 0.017531,
        1.359653 1.279528 0.000000,
        1.632473 1.279528 -0.000000,
        1.642049 1.279528 0.001182,
        1.333191 1.279528 0.010220,
        1.341076 1.279528 0.004659,
        1.350077 1.279528 0.001182,
        1.651050 1.279528 0.004659,
        1.658935 1.279528 0.010220,
        1.665231 -1.279528 0.017531,
        1.632473 -1.279528 -0.000000,
        1.359653 -1.279528 0.000000,
        1.326895 -1.279528 0.017531,
        -1.665231 -1.279528 0.017531,
        -1.326895 -1.279528 0.017531,
        1.350077 -1.279528 0.001182,
        1.341076 -1.279528 0.004659,
        1.333191 -1.279528 0.010220,
        1.642049 -1.279528 0.001182,
        1.651050 -1.279528 0.004659,
        1.658935 -1.279528 0.010220,
        -1.632473 -1.279528 0.000000,
        -1.642049 -1.279528 0.001182,
        -1.651050 -1.279528 0.004659,
        -1.658935 -1.279528 0.010220,
        -1.359653 -1.279528 -0.000000,
        -1.350077 -1.279528 0.001182,
        -1.333191 -1.279528 0.010220,
        -1.341076 -1.279528 0.004659,
        -2.086614 0.748031 3.602363,
        -2.086614 0.748031 3.681102,
        -2.086614 1.377953 3.602363,
        -2.086614 1.377953 3.681102,
        -2.224409 0.610236 3.681102,
        -2.224409 0.610236 3.602363,
        -2.854331 0.610236 3.681102,
        -2.854331 0.610236 3.602363,
        -2.326007 0.849629 3.543307,
        -2.376969 0.810525 3.543307,
        -2.224409 0.669291 3.543307,
        -2.204030 0.671974 3.543307,
        -2.185039 0.679841 3.543307,
        -2.168732 0.692354 3.543307,
        -2.145669 0.748031 3.543307,
        -2.145669 1.377953 3.543307,
        -2.253937 1.023622 3.543307,
        -2.262321 1.087308 3.543307,
        -2.262321 0.959936 3.543307,
        -2.286903 0.900591 3.543307,
        -2.148352 0.727652 3.543307,
        -2.156219 0.708661 3.543307,
        -2.376969 1.236719 3.543307,
        -2.326007 1.197615 3.543307,
        -2.286903 1.146654 3.543307,
        -2.563686 0.785943 3.543307,
        -2.854331 0.669291 3.543307,
        -2.500000 0.777559 3.543307,
        -2.436314 0.785943 3.543307,
        -2.623031 0.810525 3.543307,
        -2.673993 0.849629 3.543307,
        -2.713097 0.900591 3.543307,
        -2.623031 1.236719 3.543307,
        -2.854331 1.377953 3.543307,
        -2.673993 1.197615 3.543307,
        -2.713097 1.146654 3.543307,
        -2.563686 1.261301 3.543307,
        -2.500000 1.269685 3.543307,
        -2.436314 1.261301 3.543307,
        -2.737679 0.959936 3.543307,
        -2.746063 1.023622 3.543307,
        -2.737679 1.087308 3.543307,
        -2.478264 1.011072 3.681102,
        -2.475756 1.017126 3.681102,
        -2.500000 1.023622 3.681102,
        -2.474901 1.023622 3.681102,
        -2.475756 1.030118 3.681102,
        -2.493504 0.999378 3.681102,
        -2.487450 1.001886 3.681102,
        -2.482252 1.005874 3.681102,
        -2.512550 1.001886 3.681102,
        -2.506496 0.999378 3.681102,
        -2.500000 0.998523 3.681102,
        -2.524244 1.017126 3.681102,
        -2.521736 1.011072 3.681102,
        -2.517748 1.005874 3.681102,
        -2.521736 1.036172 3.681102,
        -2.524244 1.030118 3.681102,
        -2.525099 1.023622 3.681102,
        -2.506496 1.047866 3.681102,
        -2.512550 1.045358 3.681102,
        -2.517748 1.041370 3.681102,
        -2.487450 1.045358 3.681102,
        -2.493504 1.047866 3.681102,
        -2.500000 1.048721 3.681102,
        -2.478264 1.036172 3.681102,
        -2.482252 1.041370 3.681102,
        -2.709259 1.079693 3.589501,
        -2.687617 1.131943 3.589501,
        -2.653189 1.176811 3.589501,
        -2.608320 1.211239 3.589501,
        -2.556071 1.232881 3.589501,
        -2.500000 1.240263 3.589501,
        -2.443929 1.232881 3.589501,
        -2.391679 1.211239 3.589501,
        -2.346811 1.176811 3.589501,
        -2.312383 1.131943 3.589501,
        -2.290741 1.079693 3.589501,
        -2.283359 1.023622 3.589501,
        -2.290741 0.967551 3.589501,
        -2.312383 0.915301 3.589501,
        -2.346811 0.870433 3.589501,
        -2.391679 0.836005 3.589501,
        -2.443929 0.814363 3.589501,
        -2.500000 0.806981 3.589501,
        -2.556071 0.814363 3.589501,
        -2.608320 0.836005 3.589501,
        -2.653189 0.870433 3.589501,
        -2.687617 0.915301 3.589501,
        -2.709259 0.967551 3.589501,
        -2.716641 1.023622 3.589501,
        -2.671675 1.069622 3.628043,
        -2.653919 1.112487 3.628043,
        -2.625674 1.149296 3.628043,
        -2.588865 1.177541 3.628043,
        -2.546000 1.195296 3.628043,
        -2.500000 1.201353 3.628043,
        -2.454000 1.195296 3.628043,
        -2.411135 1.177541 3.628043,
        -2.374326 1.149296 3.628043,
        -2.346081 1.112487 3.628043,
        -2.328326 1.069622 3.628043,
        -2.322269 1.023622 3.628043,
        -2.328326 0.977622 3.628043,
        -2.346081 0.934757 3.628043,
        -2.374326 0.897948 3.628043,
        -2.411135 0.869703 3.628043,
        -2.454000 0.851948 3.628043,
        -2.500000 0.845891 3.628043,
        -2.546000 0.851948 3.628043,
        -2.588865 0.869703 3.628043,
        -2.625674 0.897948 3.628043,
        -2.653919 0.934757 3.628043,
        -2.671675 0.977622 3.628043,
        -2.677731 1.023622 3.628043,
        -2.626786 1.057594 3.657024,
        -2.613673 1.089251 3.657024,
        -2.592814 1.116436 3.657024,
        -2.565629 1.137295 3.657024,
        -2.533972 1.150408 3.657024,
        -2.500000 1.154880 3.657024,
        -2.466028 1.150408 3.657024,
        -2.434371 1.137295 3.657024,
        -2.407187 1.116436 3.657024,
        -2.386327 1.089251 3.657024,
        -2.373214 1.057594 3.657024,
        -2.368741 1.023622 3.657024,
        -2.373214 0.989650 3.657024,
        -2.386327 0.957993 3.657024,
        -2.407187 0.930808 3.657024,
        -2.434371 0.909949 3.657024,
        -2.466028 0.896836 3.657024,
        -2.500000 0.892364 3.657024,
        -2.533972 0.896836 3.657024,
        -2.565629 0.909949 3.657024,
        -2.592814 0.930808 3.657024,
        -2.613673 0.957993 3.657024,
        -2.626786 0.989650 3.657024,
        -2.631258 1.023622 3.657024,
        -2.576817 1.044205 3.675007,
        -2.568872 1.063385 3.675007,
        -2.556234 1.079856 3.675007,
        -2.539763 1.092494 3.675007,
        -2.520583 1.100439 3.675007,
        -2.500000 1.103149 3.675007,
        -2.479417 1.100439 3.675007,
        -2.460237 1.092494 3.675007,
        -2.443766 1.079856 3.675007,
        -2.431128 1.063385 3.675007,
        -2.423183 1.044205 3.675007,
        -2.420473 1.023622 3.675007,
        -2.423183 1.003039 3.675007,
        -2.431128 0.983859 3.675007,
        -2.443766 0.967388 3.675007,
        -2.460237 0.954750 3.675007,
        -2.479417 0.946805 3.675007,
        -2.500000 0.944095 3.675007,
        -2.520583 0.946805 3.675007,
        -2.539763 0.954750 3.675007,
        -2.556234 0.967388 3.675007,
        -2.568872 0.983859 3.675007,
        -2.576817 1.003039 3.675007,
        -2.579527 1.023622 3.675007,
        -2.091309 0.712367 3.681102,
        -2.091309 0.712367 3.602363,
        -2.105075 0.679134 3.681102,
        -2.105075 0.679134 3.602363,
        -2.126974 0.650596 3.681102,
        -2.126974 0.650596 3.602363,
        -2.155512 0.628697 3.681102,
        -2.155512 0.628697 3.602363,
        -2.188745 0.614931 3.681102,
        -2.188745 0.614931 3.602363,
        -2.911374 -1.393237 3.681102,
        -2.905474 -1.407480 3.681102,
        -2.896089 -1.419711 3.681102,
        -2.883858 -1.429096 3.681102,
        -2.869615 -1.434996 3.681102,
        2.867439 -1.435282 3.681102,
        2.869615 -1.434996 3.681102,
        2.879796 -1.430779 3.681102,
        2.883858 -1.429096 3.681102,
        2.890850 -1.423731 3.681102,
        2.900109 -1.414472 3.681102,
        2.896089 -1.419711 3.681102,
        2.911660 -1.391061 3.681102,
        2.911374 -1.393237 3.681102,
        2.907157 -1.403418 3.681102,
        2.905474 -1.407480 3.681102,
        -2.854331 -1.393237 3.738145,
        2.854331 -1.393237 3.738145,
        -2.854331 -1.407480 3.732245,
        2.854331 -1.407480 3.732245,
        -2.854331 -1.419711 3.722861,
        2.854331 -1.419711 3.722861,
        -2.854331 -1.429096 3.710630,
        2.854331 -1.429096 3.710630,
        -2.854331 -1.434996 3.696387,
        2.854331 -1.434996 3.696387,
        -2.869094 -1.433052 3.696387,
        -2.869094 -1.403524 3.732245,
        -2.861973 -1.391190 3.738145,
        -2.865139 -1.388761 3.738145,
        -2.869615 -1.377953 3.738145,
        -2.869094 -1.381909 3.738145,
        -2.858287 -1.392717 3.738145,
        -2.861973 -1.406474 3.732245,
        -2.865139 -1.418288 3.722861,
        -2.875210 -1.398832 3.732245,
        -2.867567 -1.385595 3.738145,
        -2.879902 -1.392717 3.732245,
        -2.882852 -1.385595 3.732245,
        -2.883858 -1.377953 3.732245,
        -2.875210 -1.414117 3.722861,
        -2.883858 -1.407480 3.722861,
        -2.890494 -1.398832 3.722861,
        -2.894666 -1.388761 3.722861,
        -2.896089 -1.377953 3.722861,
        -2.867567 -1.427353 3.710630,
        -2.879902 -1.422244 3.710630,
        -2.890494 -1.414117 3.710630,
        -2.898622 -1.403524 3.710630,
        -2.903731 -1.391190 3.710630,
        -2.905474 -1.377953 3.710630,
        -2.882852 -1.427353 3.696387,
        -2.894666 -1.418288 3.696387,
        -2.903731 -1.406474 3.696387,
        -2.909430 -1.392717 3.696387,
        -2.911374 -1.377953 3.696387,
        2.869094 -1.433052 3.696387,
        2.882852 -1.427353 3.696387,
        2.894666 -1.418288 3.696387,
        2.903731 -1.406474 3.696387,
        2.909430 -1.392717 3.696387,
        2.911374 -1.377953 3.696387,
        2.903731 -1.391190 3.710630,
        2.905474 -1.377953 3.710630,
        2.894666 -1.388761 3.722861,
        2.896089 -1.377953 3.722861,
        2.882852 -1.385595 3.732245,
        2.883858 -1.377953 3.732245,
        2.869094 -1.381909 3.738145,
        2.869615 -1.377953 3.738145,
        2.898622 -1.403524 3.710630,
        2.890494 -1.398832 3.722861,
        2.879902 -1.392717 3.732245,
        2.867567 -1.385595 3.738145,
        2.890494 -1.414117 3.710630,
        2.883858 -1.407480 3.722861,
        2.875210 -1.398832 3.732245,
        2.865139 -1.388761 3.738145,
        2.879902 -1.422244 3.710630,
        2.875210 -1.414117 3.722861,
        2.869094 -1.403524 3.732245,
        2.861973 -1.391190 3.738145,
        2.867567 -1.427353 3.710630,
        2.865139 -1.418288 3.722861,
        2.861973 -1.406474 3.732245,
        2.858287 -1.392717 3.738145,
        -2.869615 0.551181 3.738145,
        -2.883858 0.551181 3.732245,
        -2.896089 0.551181 3.722861,
        -2.905474 0.551181 3.710630,
        -2.911374 0.551181 3.696387,
        2.911374 1.393237 3.681102,
        2.905474 1.407480 3.681102,
        2.896089 1.419711 3.681102,
        2.883858 1.429096 3.681102,
        2.869615 1.434996 3.681102,
        2.869615 1.377953 3.738145,
        2.883858 1.377953 3.732245,
        2.896089 1.377953 3.722861,
        2.905474 1.377953 3.710630,
        2.911374 1.377953 3.696387,
        -2.854331 0.608224 3.696387,
        -2.224409 0.608224 3.696387,
        -2.854331 0.602324 3.710630,
        -2.224409 0.602324 3.710630,
        -2.854331 0.592939 3.722861,
        -2.224409 0.592939 3.722861,
        -2.854331 0.580709 3.732245,
        -2.224409 0.580709 3.732245,
        -2.854331 0.566466 3.738145,
        -2.224409 0.566466 3.738145,
        -2.909430 0.565945 3.696387,
        -2.879902 0.565945 3.732245,
        -2.867567 0.558823 3.738145,
        -2.865139 0.561989 3.738145,
        -2.858287 0.565945 3.738145,
        -2.869094 0.555137 3.738145,
        -2.882852 0.558823 3.732245,
        -2.894666 0.561989 3.722861,
        -2.875210 0.572060 3.732245,
        -2.861973 0.564418 3.738145,
        -2.869094 0.576753 3.732245,
        -2.861973 0.579702 3.732245,
        -2.890494 0.572060 3.722861,
        -2.883858 0.580709 3.722861,
        -2.875210 0.587345 3.722861,
        -2.865139 0.591517 3.722861,
        -2.903731 0.564418 3.710630,
        -2.898622 0.576753 3.710630,
        -2.890494 0.587345 3.710630,
        -2.879902 0.595472 3.710630,
        -2.867567 0.600581 3.710630,
        -2.903731 0.579702 3.696387,
        -2.894666 0.591517 3.696387,
        -2.882852 0.600581 3.696387,
        -2.869094 0.606280 3.696387,
        -2.911374 0.566466 3.681102,
        -2.905474 0.580709 3.681102,
        -2.896089 0.592939 3.681102,
        -2.883858 0.602324 3.681102,
        -2.869615 0.608224 3.681102,
        2.854331 1.434996 3.696387,
        2.869094 1.433052 3.696387,
        2.869094 1.403524 3.732245,
        2.861973 1.391190 3.738145,
        2.865139 1.388761 3.738145,
        2.869094 1.381909 3.738145,
        2.858287 1.392717 3.738145,
        2.861973 1.406474 3.732245,
        2.865139 1.418288 3.722861,
        2.854331 1.393237 3.738145,
        2.875210 1.398832 3.732245,
        2.867567 1.385595 3.738145,
        2.879902 1.392717 3.732245,
        2.882852 1.385595 3.732245,
        2.854331 1.407480 3.732245,
        2.854331 1.419711 3.722861,
        2.854331 1.429096 3.710630,
        2.875210 1.414117 3.722861,
        2.883858 1.407480 3.722861,
        2.890494 1.398832 3.722861,
        2.894666 1.388761 3.722861,
        2.867567 1.427353 3.710630,
        2.879902 1.422244 3.710630,
        2.890494 1.414117 3.710630,
        2.898622 1.403524 3.710630,
        2.903731 1.391190 3.710630,
        2.882852 1.427353 3.696387,
        2.894666 1.418288 3.696387,
        2.903731 1.406474 3.696387,
        2.909430 1.392717 3.696387,
        -2.084602 0.748031 3.696387,
        -2.089366 0.711846 3.696387,
        -2.078702 0.748031 3.710630,
        -2.083667 0.710320 3.710630,
        -2.069317 0.748031 3.722861,
        -2.074602 0.707891 3.722861,
        -2.057087 0.748031 3.732245,
        -2.062788 0.704725 3.732245,
        -2.042844 0.748031 3.738145,
        -2.049030 0.701039 3.738145,
        -2.103333 0.678128 3.696387,
        -2.098223 0.675178 3.710630,
        -2.090096 0.670485 3.722861,
        -2.079504 0.664370 3.732245,
        -2.067169 0.657248 3.738145,
        -2.125551 0.649172 3.696387,
        -2.121379 0.645001 3.710630,
        -2.114743 0.638365 3.722861,
        -2.106094 0.629717 3.732245,
        -2.096023 0.619645 3.738145,
        -2.154506 0.626955 3.696387,
        -2.151556 0.621845 3.710630,
        -2.146863 0.613718 3.722861,
        -2.140748 0.603126 3.732245,
        -2.133626 0.590791 3.738145,
        -2.188224 0.612988 3.696387,
        -2.186698 0.607289 3.710630,
        -2.184269 0.598224 3.722861,
        -2.181103 0.586410 3.732245,
        -2.177417 0.572652 3.738145,
        -2.911374 0.566466 3.602363,
        -2.905474 0.580709 3.602363,
        -2.896089 0.592939 3.602363,
        -2.883858 0.602324 3.602363,
        -2.869615 0.608224 3.602363,
        -2.869615 1.377953 3.541294,
        -2.869615 0.669291 3.541294,
        -2.883858 1.377953 3.535395,
        -2.883858 0.669291 3.535395,
        -2.896089 1.377953 3.526010,
        -2.896089 0.669291 3.526010,
        -2.905474 1.377953 3.513780,
        -2.905474 0.669291 3.513780,
        -2.911374 1.377953 3.499537,
        -2.911374 0.669291 3.499537,
        -2.869615 1.434996 3.484252,
        -2.883858 1.429096 3.484252,
        -2.896089 1.419711 3.484252,
        -2.905474 1.407480 3.484252,
        -2.911374 1.393237 3.484252,
        -2.027559 1.393237 3.738145,
        -2.027559 1.407480 3.732245,
        -2.027559 1.419711 3.722861,
        -2.027559 1.429096 3.710630,
        -2.027559 1.434996 3.696387,
        -2.084602 1.377953 3.696387,
        -2.078702 1.377953 3.710630,
        -2.069317 1.377953 3.722861,
        -2.057087 1.377953 3.732245,
        -2.042844 1.377953 3.738145,
        -2.911374 0.642678 3.503040,
        -2.905474 0.646365 3.516798,
        -2.896089 0.649530 3.528612,
        -2.883858 0.651959 3.537677,
        -2.869615 0.653486 3.543376,
        -2.854331 0.654007 3.545319,
        -2.911374 0.617879 3.513313,
        -2.905474 0.625000 3.525647,
        -2.896089 0.631115 3.536239,
        -2.883858 0.635808 3.544367,
        -2.869615 0.638758 3.549476,
        -2.854331 0.639764 3.551219,
        -2.911374 0.596583 3.529654,
        -2.905474 0.606654 3.539725,
        -2.896089 0.615302 3.548373,
        -2.883858 0.621939 3.555009,
        -2.869615 0.626110 3.559181,
        -2.854331 0.627533 3.560604,
        -2.911374 0.580242 3.550949,
        -2.905474 0.592576 3.558071,
        -2.896089 0.603169 3.564186,
        -2.883858 0.611296 3.568879,
        -2.869615 0.616406 3.571828,
        -2.854331 0.618148 3.572835,
        -2.911374 0.569969 3.575749,
        -2.905474 0.583727 3.579435,
        -2.896089 0.595541 3.582601,
        -2.883858 0.604606 3.585030,
        -2.869615 0.610305 3.586557,
        -2.854331 0.612248 3.587078,
        -2.909430 1.392717 3.499537,
        -2.879902 1.392717 3.535395,
        -2.867567 1.385595 3.541294,
        -2.865139 1.388761 3.541294,
        -2.854331 1.393237 3.541294,
        -2.858287 1.392717 3.541294,
        -2.869094 1.381909 3.541294,
        -2.882852 1.385595 3.535395,
        -2.894666 1.388761 3.526010,
        -2.875210 1.398832 3.535395,
        -2.861973 1.391190 3.541294,
        -2.869094 1.403524 3.535395,
        -2.861973 1.406474 3.535395,
        -2.854331 1.407480 3.535395,
        -2.890494 1.398832 3.526010,
        -2.883858 1.407480 3.526010,
        -2.875210 1.414117 3.526010,
        -2.865139 1.418288 3.526010,
        -2.854331 1.419711 3.526010,
        -2.903731 1.391190 3.513780,
        -2.898622 1.403524 3.513780,
        -2.890494 1.414117 3.513780,
        -2.879902 1.422244 3.513780,
        -2.867567 1.427353 3.513780,
        -2.854331 1.429096 3.513780,
        -2.903731 1.406474 3.499537,
        -2.894666 1.418288 3.499537,
        -2.882852 1.427353 3.499537,
        -2.869094 1.433052 3.499537,
        -2.854331 1.434996 3.499537,
        -2.082658 1.392717 3.696387,
        -2.053131 1.392717 3.732245,
        -2.040796 1.385595 3.738145,
        -2.038367 1.388761 3.738145,
        -2.031515 1.392717 3.738145,
        -2.042323 1.381909 3.738145,
        -2.056081 1.385595 3.732245,
        -2.067894 1.388761 3.722861,
        -2.048438 1.398832 3.732245,
        -2.035202 1.391190 3.738145,
        -2.042323 1.403524 3.732245,
        -2.035202 1.406474 3.732245,
        -2.063723 1.398832 3.722861,
        -2.057087 1.407480 3.722861,
        -2.048438 1.414117 3.722861,
        -2.038367 1.418288 3.722861,
        -2.076960 1.391190 3.710630,
        -2.071850 1.403524 3.710630,
        -2.063723 1.414117 3.710630,
        -2.053131 1.422244 3.710630,
        -2.040796 1.427353 3.710630,
        -2.076960 1.406474 3.696387,
        -2.067894 1.418288 3.696387,
        -2.056081 1.427353 3.696387,
        -2.042323 1.433052 3.696387,
        -2.084602 1.393237 3.681102,
        -2.078702 1.407480 3.681102,
        -2.069317 1.419711 3.681102,
        -2.057087 1.429096 3.681102,
        -2.042844 1.434996 3.681102,
        -2.224409 0.612248 3.587078,
        -2.224409 0.618148 3.572835,
        -2.224409 0.627533 3.560604,
        -2.224409 0.639764 3.551219,
        -2.224409 0.654007 3.545319,
        -2.145669 1.393237 3.541294,
        -2.145669 1.407480 3.535395,
        -2.145669 1.419711 3.526010,
        -2.145669 1.429096 3.513780,
        -2.145669 1.434996 3.499537,
        -2.084602 1.393237 3.602363,
        -2.078702 1.407480 3.602363,
        -2.069317 1.419711 3.602363,
        -2.057087 1.429096 3.602363,
        -2.042844 1.434996 3.602363,
        -2.200074 0.657211 3.545319,
        -2.177397 0.666604 3.545319,
        -2.157924 0.681546 3.545319,
        -2.142981 0.701019 3.545319,
        -2.133589 0.723696 3.545319,
        -2.130385 0.748031 3.545319,
        -2.196388 0.643453 3.551219,
        -2.170276 0.654269 3.551219,
        -2.147852 0.671475 3.551219,
        -2.130647 0.693898 3.551219,
        -2.119831 0.720010 3.551219,
        -2.116142 0.748031 3.551219,
        -2.193222 0.631639 3.560604,
        -2.164160 0.643677 3.560604,
        -2.139204 0.662826 3.560604,
        -2.120055 0.687782 3.560604,
        -2.108017 0.716844 3.560604,
        -2.103911 0.748031 3.560604,
        -2.190793 0.622574 3.572835,
        -2.159468 0.635549 3.572835,
        -2.132568 0.656190 3.572835,
        -2.111927 0.683090 3.572835,
        -2.098952 0.714415 3.572835,
        -2.094526 0.748031 3.572835,
        -2.189266 0.616875 3.587078,
        -2.156518 0.630440 3.587078,
        -2.128396 0.652019 3.587078,
        -2.106818 0.680140 3.587078,
        -2.093253 0.712888 3.587078,
        -2.088626 0.748031 3.587078,
        -2.046347 1.434996 3.575749,
        -2.060105 1.429096 3.579435,
        -2.071919 1.419711 3.582601,
        -2.080984 1.407480 3.585030,
        -2.086683 1.393237 3.586557,
        -2.088626 1.377953 3.587078,
        -2.056620 1.434996 3.550949,
        -2.068954 1.429096 3.558071,
        -2.079546 1.419711 3.564186,
        -2.087674 1.407480 3.568879,
        -2.092783 1.393237 3.571828,
        -2.094526 1.377953 3.572835,
        -2.072961 1.434996 3.529654,
        -2.083032 1.429096 3.539725,
        -2.091680 1.419711 3.548373,
        -2.098317 1.407480 3.555009,
        -2.102488 1.393237 3.559181,
        -2.103911 1.377953 3.560604,
        -2.094256 1.434996 3.513313,
        -2.101378 1.429096 3.525647,
        -2.107493 1.419711 3.536239,
        -2.112186 1.407480 3.544367,
        -2.115136 1.393237 3.549476,
        -2.116142 1.377953 3.551219,
        -2.119056 1.434996 3.503040,
        -2.122743 1.429096 3.516798,
        -2.125908 1.419711 3.528612,
        -2.128337 1.407480 3.537677,
        -2.129864 1.393237 3.543376,
        -2.130385 1.377953 3.545319,
      ]
    }
    coordIndex [
      40, 41, 42, -1,
      42, 41, 43, -1,
      44, 45, 46, -1,
      46, 45, 47, -1,
      46, 47, 48, -1,
      49, 50, 43, -1,
      43, 50, 51, -1,
      43, 51, 42, -1,
      52, 53, 43, -1,
      43, 53, 54, -1,
      43, 54, 49, -1,
      48, 55, 46, -1,
      46, 55, 56, -1,
      46, 56, 57, -1,
      57, 58, 46, -1,
      46, 58, 59, -1,
      46, 59, 43, -1,
      43, 59, 60, -1,
      43, 60, 52, -1,
      61, 62, 63, -1,
      63, 62, 64, -1,
      63, 64, 65, -1,
      65, 64, 66, -1,
      67, 68, 69, -1,
      69, 68, 70, -1,
      69, 70, 71, -1,
      72, 73, 64, -1,
      64, 73, 74, -1,
      64, 74, 66, -1,
      71, 75, 69, -1,
      69, 75, 76, -1,
      69, 76, 77, -1,
      77, 78, 69, -1,
      69, 78, 79, -1,
      69, 79, 64, -1,
      64, 79, 80, -1,
      64, 80, 72, -1,
      81, 82, 83, -1,
      83, 82, 84, -1,
      60, 59, 85, -1,
      85, 59, 86, -1,
      87, 88, 89, -1,
      89, 88, 45, -1,
      87, 90, 91, -1,
      92, 93, 94, -1,
      95, 47, 96, -1,
      96, 47, 45, -1,
      96, 45, 97, -1,
      97, 45, 98, -1,
      63, 99, 61, -1,
      61, 99, 100, -1,
      61, 100, 101, -1,
      91, 102, 87, -1,
      87, 102, 103, -1,
      87, 103, 88, -1,
      94, 93, 88, -1,
      104, 105, 99, -1,
      101, 100, 106, -1,
      106, 100, 107, -1,
      106, 107, 108, -1,
      45, 109, 89, -1,
      89, 109, 110, -1,
      89, 110, 111, -1,
      111, 110, 112, -1,
      93, 113, 88, -1,
      88, 113, 114, -1,
      88, 114, 45, -1,
      45, 114, 115, -1,
      45, 115, 98, -1,
      92, 94, 99, -1,
      99, 94, 116, -1,
      99, 116, 104, -1,
      105, 117, 99, -1,
      99, 117, 118, -1,
      99, 118, 100, -1,
      119, 120, 121, -1,
      121, 120, 122, -1,
      121, 122, 79, -1,
      79, 122, 123, -1,
      79, 123, 124, -1,
      124, 125, 79, -1,
      79, 125, 126, -1,
      79, 126, 80, -1,
      80, 126, 127, -1,
      80, 127, 128, -1,
      40, 42, 129, -1,
      130, 70, 129, -1,
      129, 70, 68, -1,
      131, 82, 132, -1,
      132, 82, 68, -1,
      131, 133, 134, -1,
      134, 135, 131, -1,
      131, 135, 136, -1,
      131, 136, 82, -1,
      68, 82, 129, -1,
      129, 82, 81, -1,
      129, 81, 137, -1,
      68, 138, 132, -1,
      132, 138, 139, -1,
      132, 139, 140, -1,
      140, 139, 141, -1,
      137, 142, 129, -1,
      129, 142, 143, -1,
      129, 143, 144, -1,
      144, 145, 129, -1,
      129, 145, 146, -1,
      129, 146, 40, -1,
      40, 146, 147, -1,
      148, 149, 146, -1,
      146, 149, 150, -1,
      146, 150, 147, -1,
      151, 152, 88, -1,
      88, 152, 94, -1,
      14, 15, 64, -1,
      62, 153, 152, -1,
      151, 22, 23, -1,
      154, 44, 22, -1,
      155, 156, 157, -1,
      46, 26, 44, -1,
      44, 26, 24, -1,
      44, 24, 22, -1,
      153, 158, 159, -1,
      159, 160, 153, -1,
      153, 160, 161, -1,
      153, 161, 152, -1,
      152, 161, 162, -1,
      152, 162, 157, -1,
      157, 162, 163, -1,
      157, 163, 155, -1,
      23, 19, 151, -1,
      151, 19, 20, -1,
      151, 20, 152, -1,
      152, 20, 21, -1,
      152, 21, 18, -1,
      151, 164, 165, -1,
      151, 165, 22, -1,
      22, 165, 166, -1,
      22, 166, 167, -1,
      64, 62, 14, -1,
      14, 62, 152, -1,
      14, 152, 17, -1,
      17, 152, 18, -1,
      164, 168, 165, -1,
      165, 168, 169, -1,
      165, 169, 170, -1,
      167, 171, 22, -1,
      22, 171, 172, -1,
      22, 172, 154, -1,
      15, 16, 64, -1,
      64, 16, 25, -1,
      64, 25, 69, -1,
      69, 25, 13, -1,
      69, 13, 12, -1,
      39, 43, 38, -1,
      38, 43, 41, -1,
      38, 41, 37, -1,
      37, 41, 173, -1,
      174, 175, 176, -1,
      30, 31, 84, -1,
      84, 31, 32, -1,
      69, 12, 67, -1,
      67, 12, 30, -1,
      67, 30, 177, -1,
      177, 30, 84, -1,
      177, 84, 178, -1,
      175, 179, 176, -1,
      176, 179, 180, -1,
      176, 180, 181, -1,
      182, 173, 183, -1,
      183, 173, 184, -1,
      32, 33, 84, -1,
      84, 33, 34, -1,
      84, 34, 83, -1,
      83, 34, 35, -1,
      182, 174, 173, -1,
      173, 174, 176, -1,
      173, 176, 37, -1,
      37, 176, 83, -1,
      37, 83, 36, -1,
      36, 83, 35, -1,
      185, 186, 177, -1,
      177, 186, 187, -1,
      177, 187, 188, -1,
      185, 177, 189, -1,
      189, 177, 178, -1,
      189, 178, 190, -1,
      190, 178, 191, -1,
      190, 191, 192, -1,
      39, 29, 43, -1,
      43, 29, 28, -1,
      43, 28, 46, -1,
      46, 28, 27, -1,
      46, 27, 26, -1,
      61, 101, 62, -1,
      62, 101, 153, -1,
      153, 101, 106, -1,
      153, 106, 158, -1,
      158, 106, 108, -1,
      158, 108, 159, -1,
      159, 108, 107, -1,
      159, 107, 160, -1,
      160, 107, 100, -1,
      160, 100, 161, -1,
      100, 118, 161, -1,
      161, 118, 162, -1,
      162, 118, 117, -1,
      162, 117, 163, -1,
      163, 117, 105, -1,
      163, 105, 155, -1,
      155, 105, 104, -1,
      155, 104, 156, -1,
      156, 104, 116, -1,
      156, 116, 157, -1,
      116, 94, 157, -1,
      157, 94, 152, -1,
      166, 89, 111, -1,
      166, 111, 167, -1,
      167, 111, 112, -1,
      167, 112, 171, -1,
      171, 112, 110, -1,
      171, 110, 172, -1,
      172, 110, 109, -1,
      172, 109, 154, -1,
      109, 45, 154, -1,
      154, 45, 44, -1,
      88, 103, 151, -1,
      151, 103, 164, -1,
      164, 103, 102, -1,
      164, 102, 168, -1,
      168, 102, 91, -1,
      168, 91, 169, -1,
      169, 91, 90, -1,
      169, 90, 170, -1,
      170, 90, 87, -1,
      170, 87, 165, -1,
      87, 89, 165, -1,
      165, 89, 166, -1,
      67, 177, 68, -1,
      68, 177, 138, -1,
      138, 177, 188, -1,
      138, 188, 139, -1,
      139, 188, 187, -1,
      139, 187, 141, -1,
      141, 187, 186, -1,
      141, 186, 140, -1,
      140, 186, 185, -1,
      140, 185, 132, -1,
      185, 189, 132, -1,
      132, 189, 131, -1,
      131, 189, 190, -1,
      131, 190, 133, -1,
      133, 190, 192, -1,
      133, 192, 134, -1,
      134, 192, 191, -1,
      134, 191, 135, -1,
      135, 191, 178, -1,
      135, 178, 136, -1,
      178, 84, 136, -1,
      136, 84, 82, -1,
      146, 174, 182, -1,
      146, 182, 148, -1,
      148, 182, 183, -1,
      148, 183, 149, -1,
      149, 183, 184, -1,
      149, 184, 150, -1,
      150, 184, 173, -1,
      150, 173, 147, -1,
      173, 41, 147, -1,
      147, 41, 40, -1,
      83, 176, 81, -1,
      81, 176, 137, -1,
      137, 176, 181, -1,
      137, 181, 142, -1,
      142, 181, 180, -1,
      142, 180, 143, -1,
      143, 180, 179, -1,
      143, 179, 144, -1,
      144, 179, 175, -1,
      144, 175, 145, -1,
      175, 174, 145, -1,
      145, 174, 146, -1,
      193, 194, 195, -1,
      195, 194, 196, -1,
      197, 198, 199, -1,
      199, 198, 200, -1,
      201, 202, 203, -1,
      203, 204, 201, -1,
      201, 204, 205, -1,
      201, 205, 206, -1,
      207, 208, 209, -1,
      209, 208, 210, -1,
      209, 211, 207, -1,
      207, 211, 212, -1,
      207, 212, 213, -1,
      213, 212, 201, -1,
      213, 201, 214, -1,
      214, 201, 206, -1,
      215, 216, 208, -1,
      208, 216, 217, -1,
      208, 217, 210, -1,
      218, 219, 220, -1,
      220, 219, 203, -1,
      220, 203, 221, -1,
      221, 203, 202, -1,
      218, 222, 219, -1,
      219, 222, 223, -1,
      219, 223, 224, -1,
      225, 226, 227, -1,
      227, 226, 228, -1,
      225, 229, 226, -1,
      226, 229, 230, -1,
      226, 230, 208, -1,
      208, 230, 231, -1,
      208, 231, 215, -1,
      224, 232, 219, -1,
      219, 232, 233, -1,
      219, 233, 226, -1,
      226, 233, 234, -1,
      226, 234, 228, -1,
      235, 236, 237, -1,
      237, 236, 238, -1,
      237, 238, 239, -1,
      240, 241, 237, -1,
      237, 241, 242, -1,
      237, 242, 235, -1,
      243, 244, 237, -1,
      237, 244, 245, -1,
      237, 245, 240, -1,
      246, 247, 237, -1,
      237, 247, 248, -1,
      237, 248, 243, -1,
      249, 250, 237, -1,
      237, 250, 251, -1,
      237, 251, 246, -1,
      252, 253, 237, -1,
      237, 253, 254, -1,
      237, 254, 249, -1,
      255, 256, 237, -1,
      237, 256, 257, -1,
      237, 257, 252, -1,
      239, 258, 237, -1,
      237, 258, 259, -1,
      237, 259, 255, -1,
      233, 260, 234, -1,
      234, 260, 261, -1,
      234, 261, 228, -1,
      228, 261, 262, -1,
      228, 262, 227, -1,
      227, 262, 263, -1,
      227, 263, 225, -1,
      225, 263, 264, -1,
      225, 264, 229, -1,
      229, 264, 265, -1,
      229, 265, 230, -1,
      230, 265, 266, -1,
      230, 266, 231, -1,
      231, 266, 267, -1,
      231, 267, 215, -1,
      215, 267, 268, -1,
      215, 268, 216, -1,
      216, 268, 269, -1,
      216, 269, 217, -1,
      217, 269, 270, -1,
      217, 270, 210, -1,
      210, 270, 271, -1,
      210, 271, 209, -1,
      209, 271, 272, -1,
      209, 272, 211, -1,
      211, 272, 273, -1,
      211, 273, 212, -1,
      212, 273, 274, -1,
      212, 274, 201, -1,
      201, 274, 275, -1,
      201, 275, 202, -1,
      202, 275, 276, -1,
      202, 276, 221, -1,
      221, 276, 277, -1,
      221, 277, 220, -1,
      220, 277, 278, -1,
      220, 278, 218, -1,
      218, 278, 279, -1,
      218, 279, 222, -1,
      222, 279, 280, -1,
      222, 280, 223, -1,
      223, 280, 281, -1,
      223, 281, 224, -1,
      224, 281, 282, -1,
      224, 282, 232, -1,
      232, 282, 283, -1,
      232, 283, 233, -1,
      233, 283, 260, -1,
      283, 284, 260, -1,
      260, 284, 285, -1,
      260, 285, 261, -1,
      261, 285, 286, -1,
      261, 286, 262, -1,
      262, 286, 287, -1,
      262, 287, 263, -1,
      263, 287, 288, -1,
      263, 288, 264, -1,
      264, 288, 289, -1,
      264, 289, 265, -1,
      265, 289, 290, -1,
      265, 290, 266, -1,
      266, 290, 291, -1,
      266, 291, 267, -1,
      267, 291, 292, -1,
      267, 292, 268, -1,
      268, 292, 293, -1,
      268, 293, 269, -1,
      269, 293, 294, -1,
      269, 294, 270, -1,
      270, 294, 295, -1,
      270, 295, 271, -1,
      271, 295, 296, -1,
      271, 296, 272, -1,
      272, 296, 297, -1,
      272, 297, 273, -1,
      273, 297, 298, -1,
      273, 298, 274, -1,
      274, 298, 299, -1,
      274, 299, 275, -1,
      275, 299, 300, -1,
      275, 300, 276, -1,
      276, 300, 301, -1,
      276, 301, 277, -1,
      277, 301, 302, -1,
      277, 302, 278, -1,
      278, 302, 303, -1,
      278, 303, 279, -1,
      279, 303, 304, -1,
      279, 304, 280, -1,
      280, 304, 305, -1,
      280, 305, 281, -1,
      281, 305, 306, -1,
      281, 306, 282, -1,
      282, 306, 307, -1,
      282, 307, 283, -1,
      283, 307, 284, -1,
      307, 308, 284, -1,
      284, 308, 309, -1,
      284, 309, 285, -1,
      285, 309, 310, -1,
      285, 310, 286, -1,
      286, 310, 311, -1,
      286, 311, 287, -1,
      287, 311, 312, -1,
      287, 312, 288, -1,
      288, 312, 313, -1,
      288, 313, 289, -1,
      289, 313, 314, -1,
      289, 314, 290, -1,
      290, 314, 315, -1,
      290, 315, 291, -1,
      291, 315, 316, -1,
      291, 316, 292, -1,
      292, 316, 317, -1,
      292, 317, 293, -1,
      293, 317, 318, -1,
      293, 318, 294, -1,
      294, 318, 319, -1,
      294, 319, 295, -1,
      295, 319, 320, -1,
      295, 320, 296, -1,
      296, 320, 321, -1,
      296, 321, 297, -1,
      297, 321, 322, -1,
      297, 322, 298, -1,
      298, 322, 323, -1,
      298, 323, 299, -1,
      299, 323, 324, -1,
      299, 324, 300, -1,
      300, 324, 325, -1,
      300, 325, 301, -1,
      301, 325, 326, -1,
      301, 326, 302, -1,
      302, 326, 327, -1,
      302, 327, 303, -1,
      303, 327, 328, -1,
      303, 328, 304, -1,
      304, 328, 329, -1,
      304, 329, 305, -1,
      305, 329, 330, -1,
      305, 330, 306, -1,
      306, 330, 331, -1,
      306, 331, 307, -1,
      307, 331, 308, -1,
      331, 332, 308, -1,
      308, 332, 333, -1,
      308, 333, 309, -1,
      309, 333, 334, -1,
      309, 334, 310, -1,
      310, 334, 335, -1,
      310, 335, 311, -1,
      311, 335, 336, -1,
      311, 336, 312, -1,
      312, 336, 337, -1,
      312, 337, 313, -1,
      313, 337, 338, -1,
      313, 338, 314, -1,
      314, 338, 339, -1,
      314, 339, 315, -1,
      315, 339, 340, -1,
      315, 340, 316, -1,
      316, 340, 341, -1,
      316, 341, 317, -1,
      317, 341, 342, -1,
      317, 342, 318, -1,
      318, 342, 343, -1,
      318, 343, 319, -1,
      319, 343, 344, -1,
      319, 344, 320, -1,
      320, 344, 345, -1,
      320, 345, 321, -1,
      321, 345, 346, -1,
      321, 346, 322, -1,
      322, 346, 347, -1,
      322, 347, 323, -1,
      323, 347, 348, -1,
      323, 348, 324, -1,
      324, 348, 349, -1,
      324, 349, 325, -1,
      325, 349, 350, -1,
      325, 350, 326, -1,
      326, 350, 351, -1,
      326, 351, 327, -1,
      327, 351, 352, -1,
      327, 352, 328, -1,
      328, 352, 353, -1,
      328, 353, 329, -1,
      329, 353, 354, -1,
      329, 354, 330, -1,
      330, 354, 355, -1,
      330, 355, 331, -1,
      331, 355, 332, -1,
      355, 250, 332, -1,
      332, 250, 249, -1,
      332, 249, 333, -1,
      333, 249, 254, -1,
      333, 254, 334, -1,
      334, 254, 253, -1,
      334, 253, 335, -1,
      335, 253, 252, -1,
      335, 252, 336, -1,
      336, 252, 257, -1,
      336, 257, 337, -1,
      337, 257, 256, -1,
      337, 256, 338, -1,
      338, 256, 255, -1,
      338, 255, 339, -1,
      339, 255, 259, -1,
      339, 259, 340, -1,
      340, 259, 258, -1,
      340, 258, 341, -1,
      341, 258, 239, -1,
      341, 239, 342, -1,
      342, 239, 238, -1,
      342, 238, 343, -1,
      343, 238, 236, -1,
      343, 236, 344, -1,
      344, 236, 235, -1,
      344, 235, 345, -1,
      345, 235, 242, -1,
      345, 242, 346, -1,
      346, 242, 241, -1,
      346, 241, 347, -1,
      347, 241, 240, -1,
      347, 240, 348, -1,
      348, 240, 245, -1,
      348, 245, 349, -1,
      349, 245, 244, -1,
      349, 244, 350, -1,
      350, 244, 243, -1,
      350, 243, 351, -1,
      351, 243, 248, -1,
      351, 248, 352, -1,
      352, 248, 247, -1,
      352, 247, 353, -1,
      353, 247, 246, -1,
      353, 246, 354, -1,
      354, 246, 251, -1,
      354, 251, 355, -1,
      355, 251, 250, -1,
      194, 193, 356, -1,
      356, 193, 357, -1,
      356, 357, 358, -1,
      358, 357, 359, -1,
      358, 359, 360, -1,
      360, 359, 361, -1,
      360, 361, 362, -1,
      362, 361, 363, -1,
      362, 363, 364, -1,
      364, 363, 365, -1,
      364, 365, 197, -1,
      197, 365, 198, -1,
      121, 79, 78, -1,
      121, 78, 366, -1,
      366, 78, 77, -1,
      366, 77, 367, -1,
      367, 77, 76, -1,
      367, 76, 368, -1,
      368, 76, 75, -1,
      368, 75, 369, -1,
      369, 75, 71, -1,
      369, 71, 370, -1,
      370, 71, 70, -1,
      370, 70, 130, -1,
      42, 51, 129, -1,
      129, 51, 371, -1,
      371, 51, 372, -1,
      372, 51, 50, -1,
      372, 50, 373, -1,
      373, 50, 374, -1,
      374, 50, 49, -1,
      374, 49, 375, -1,
      54, 376, 49, -1,
      49, 376, 377, -1,
      49, 377, 375, -1,
      378, 379, 53, -1,
      53, 379, 380, -1,
      53, 380, 54, -1,
      54, 380, 381, -1,
      54, 381, 376, -1,
      53, 52, 378, -1,
      378, 52, 60, -1,
      378, 60, 85, -1,
      1, 11, 382, -1,
      1, 382, 383, -1,
      383, 382, 384, -1,
      383, 384, 385, -1,
      385, 384, 386, -1,
      385, 386, 387, -1,
      387, 386, 388, -1,
      387, 388, 389, -1,
      389, 388, 390, -1,
      389, 390, 391, -1,
      391, 390, 130, -1,
      391, 130, 129, -1,
      130, 390, 392, -1,
      393, 394, 395, -1,
      11, 396, 397, -1,
      395, 394, 11, -1,
      398, 11, 394, -1,
      398, 394, 399, -1,
      399, 394, 393, -1,
      399, 393, 400, -1,
      382, 11, 398, -1,
      401, 402, 403, -1,
      403, 402, 397, -1,
      403, 397, 404, -1,
      404, 397, 396, -1,
      404, 396, 405, -1,
      382, 398, 384, -1,
      384, 398, 399, -1,
      384, 399, 386, -1,
      386, 399, 400, -1,
      386, 400, 388, -1,
      406, 401, 407, -1,
      407, 401, 403, -1,
      407, 403, 408, -1,
      408, 403, 404, -1,
      408, 404, 409, -1,
      409, 404, 405, -1,
      409, 405, 410, -1,
      411, 406, 412, -1,
      412, 406, 407, -1,
      412, 407, 413, -1,
      413, 407, 408, -1,
      413, 408, 414, -1,
      414, 408, 409, -1,
      414, 409, 415, -1,
      415, 409, 410, -1,
      415, 410, 416, -1,
      390, 411, 392, -1,
      392, 411, 412, -1,
      392, 412, 417, -1,
      417, 412, 413, -1,
      417, 413, 418, -1,
      418, 413, 414, -1,
      418, 414, 419, -1,
      419, 414, 415, -1,
      419, 415, 420, -1,
      420, 415, 416, -1,
      420, 416, 421, -1,
      130, 392, 370, -1,
      370, 392, 417, -1,
      370, 417, 369, -1,
      369, 417, 418, -1,
      369, 418, 368, -1,
      368, 418, 419, -1,
      368, 419, 367, -1,
      367, 419, 420, -1,
      367, 420, 366, -1,
      366, 420, 421, -1,
      366, 421, 121, -1,
      402, 11, 397, -1,
      390, 388, 411, -1,
      411, 388, 400, -1,
      411, 400, 406, -1,
      406, 400, 393, -1,
      406, 393, 401, -1,
      401, 393, 395, -1,
      401, 395, 402, -1,
      402, 395, 11, -1,
      371, 372, 422, -1,
      373, 374, 423, -1,
      375, 377, 424, -1,
      376, 381, 425, -1,
      380, 379, 426, -1,
      378, 85, 427, -1,
      379, 378, 426, -1,
      426, 378, 427, -1,
      426, 427, 428, -1,
      428, 427, 429, -1,
      428, 429, 430, -1,
      430, 429, 431, -1,
      430, 431, 432, -1,
      432, 431, 433, -1,
      432, 433, 434, -1,
      434, 433, 435, -1,
      434, 435, 1, -1,
      381, 380, 425, -1,
      425, 380, 426, -1,
      425, 426, 436, -1,
      436, 426, 428, -1,
      436, 428, 437, -1,
      437, 428, 430, -1,
      437, 430, 438, -1,
      438, 430, 432, -1,
      438, 432, 439, -1,
      439, 432, 434, -1,
      439, 434, 1, -1,
      377, 376, 424, -1,
      424, 376, 425, -1,
      424, 425, 440, -1,
      440, 425, 436, -1,
      440, 436, 441, -1,
      441, 436, 437, -1,
      441, 437, 442, -1,
      442, 437, 438, -1,
      442, 438, 443, -1,
      443, 438, 439, -1,
      443, 439, 1, -1,
      374, 375, 423, -1,
      423, 375, 424, -1,
      423, 424, 444, -1,
      444, 424, 440, -1,
      444, 440, 445, -1,
      445, 440, 441, -1,
      445, 441, 446, -1,
      446, 441, 442, -1,
      446, 442, 447, -1,
      447, 442, 443, -1,
      447, 443, 1, -1,
      372, 373, 422, -1,
      422, 373, 423, -1,
      422, 423, 448, -1,
      448, 423, 444, -1,
      448, 444, 449, -1,
      449, 444, 445, -1,
      449, 445, 450, -1,
      450, 445, 446, -1,
      450, 446, 451, -1,
      451, 446, 447, -1,
      451, 447, 1, -1,
      129, 371, 391, -1,
      391, 371, 422, -1,
      391, 422, 389, -1,
      389, 422, 448, -1,
      389, 448, 387, -1,
      387, 448, 449, -1,
      387, 449, 385, -1,
      385, 449, 450, -1,
      385, 450, 383, -1,
      383, 450, 451, -1,
      383, 451, 1, -1,
      11, 10, 452, -1,
      11, 452, 396, -1,
      396, 452, 453, -1,
      396, 453, 405, -1,
      405, 453, 454, -1,
      405, 454, 410, -1,
      410, 454, 455, -1,
      410, 455, 416, -1,
      416, 455, 456, -1,
      416, 456, 421, -1,
      421, 456, 119, -1,
      421, 119, 121, -1,
      86, 59, 58, -1,
      86, 58, 457, -1,
      457, 58, 57, -1,
      457, 57, 458, -1,
      458, 57, 56, -1,
      458, 56, 459, -1,
      459, 56, 55, -1,
      459, 55, 460, -1,
      460, 55, 48, -1,
      460, 48, 461, -1,
      461, 48, 47, -1,
      461, 47, 95, -1,
      0, 1, 435, -1,
      0, 435, 462, -1,
      462, 435, 433, -1,
      462, 433, 463, -1,
      463, 433, 431, -1,
      463, 431, 464, -1,
      464, 431, 429, -1,
      464, 429, 465, -1,
      465, 429, 427, -1,
      465, 427, 466, -1,
      466, 427, 85, -1,
      466, 85, 86, -1,
      197, 199, 467, -1,
      197, 467, 468, -1,
      468, 467, 469, -1,
      468, 469, 470, -1,
      470, 469, 471, -1,
      470, 471, 472, -1,
      472, 471, 473, -1,
      472, 473, 474, -1,
      474, 473, 475, -1,
      474, 475, 476, -1,
      476, 475, 10, -1,
      476, 10, 2, -1,
      119, 456, 477, -1,
      478, 479, 480, -1,
      10, 475, 481, -1,
      480, 479, 10, -1,
      482, 10, 479, -1,
      482, 479, 483, -1,
      483, 479, 478, -1,
      483, 478, 484, -1,
      452, 10, 482, -1,
      485, 486, 487, -1,
      487, 486, 481, -1,
      487, 481, 488, -1,
      488, 481, 475, -1,
      488, 475, 473, -1,
      452, 482, 453, -1,
      453, 482, 483, -1,
      453, 483, 454, -1,
      454, 483, 484, -1,
      454, 484, 455, -1,
      489, 485, 490, -1,
      490, 485, 487, -1,
      490, 487, 491, -1,
      491, 487, 488, -1,
      491, 488, 492, -1,
      492, 488, 473, -1,
      492, 473, 471, -1,
      493, 489, 494, -1,
      494, 489, 490, -1,
      494, 490, 495, -1,
      495, 490, 491, -1,
      495, 491, 496, -1,
      496, 491, 492, -1,
      496, 492, 497, -1,
      497, 492, 471, -1,
      497, 471, 469, -1,
      456, 493, 477, -1,
      477, 493, 494, -1,
      477, 494, 498, -1,
      498, 494, 495, -1,
      498, 495, 499, -1,
      499, 495, 496, -1,
      499, 496, 500, -1,
      500, 496, 497, -1,
      500, 497, 501, -1,
      501, 497, 469, -1,
      501, 469, 467, -1,
      119, 477, 502, -1,
      502, 477, 498, -1,
      502, 498, 503, -1,
      503, 498, 499, -1,
      503, 499, 504, -1,
      504, 499, 500, -1,
      504, 500, 505, -1,
      505, 500, 501, -1,
      505, 501, 506, -1,
      506, 501, 467, -1,
      506, 467, 199, -1,
      486, 10, 481, -1,
      456, 455, 493, -1,
      493, 455, 484, -1,
      493, 484, 489, -1,
      489, 484, 478, -1,
      489, 478, 485, -1,
      485, 478, 480, -1,
      485, 480, 486, -1,
      486, 480, 10, -1,
      95, 507, 508, -1,
      509, 510, 511, -1,
      0, 462, 512, -1,
      511, 510, 0, -1,
      513, 0, 510, -1,
      513, 510, 514, -1,
      514, 510, 509, -1,
      514, 509, 515, -1,
      516, 0, 513, -1,
      517, 518, 519, -1,
      519, 518, 512, -1,
      519, 512, 520, -1,
      520, 512, 462, -1,
      520, 462, 463, -1,
      516, 513, 521, -1,
      521, 513, 514, -1,
      521, 514, 522, -1,
      522, 514, 515, -1,
      522, 515, 523, -1,
      524, 517, 525, -1,
      525, 517, 519, -1,
      525, 519, 526, -1,
      526, 519, 520, -1,
      526, 520, 527, -1,
      527, 520, 463, -1,
      527, 463, 464, -1,
      528, 524, 529, -1,
      529, 524, 525, -1,
      529, 525, 530, -1,
      530, 525, 526, -1,
      530, 526, 531, -1,
      531, 526, 527, -1,
      531, 527, 532, -1,
      532, 527, 464, -1,
      532, 464, 465, -1,
      507, 528, 508, -1,
      508, 528, 529, -1,
      508, 529, 533, -1,
      533, 529, 530, -1,
      533, 530, 534, -1,
      534, 530, 531, -1,
      534, 531, 535, -1,
      535, 531, 532, -1,
      535, 532, 536, -1,
      536, 532, 465, -1,
      536, 465, 466, -1,
      95, 508, 461, -1,
      461, 508, 533, -1,
      461, 533, 460, -1,
      460, 533, 534, -1,
      460, 534, 459, -1,
      459, 534, 535, -1,
      459, 535, 458, -1,
      458, 535, 536, -1,
      458, 536, 457, -1,
      457, 536, 466, -1,
      457, 466, 86, -1,
      518, 0, 512, -1,
      507, 523, 528, -1,
      528, 523, 515, -1,
      528, 515, 524, -1,
      524, 515, 509, -1,
      524, 509, 517, -1,
      517, 509, 511, -1,
      517, 511, 518, -1,
      518, 511, 0, -1,
      194, 356, 537, -1,
      537, 356, 538, -1,
      537, 538, 539, -1,
      539, 538, 540, -1,
      539, 540, 541, -1,
      541, 540, 542, -1,
      541, 542, 543, -1,
      543, 542, 544, -1,
      543, 544, 545, -1,
      545, 544, 546, -1,
      545, 546, 4, -1,
      4, 546, 5, -1,
      356, 358, 538, -1,
      538, 358, 547, -1,
      538, 547, 540, -1,
      540, 547, 548, -1,
      540, 548, 542, -1,
      542, 548, 549, -1,
      542, 549, 544, -1,
      544, 549, 550, -1,
      544, 550, 546, -1,
      546, 550, 551, -1,
      546, 551, 5, -1,
      5, 551, 6, -1,
      358, 360, 547, -1,
      547, 360, 552, -1,
      547, 552, 548, -1,
      548, 552, 553, -1,
      548, 553, 549, -1,
      549, 553, 554, -1,
      549, 554, 550, -1,
      550, 554, 555, -1,
      550, 555, 551, -1,
      551, 555, 556, -1,
      551, 556, 6, -1,
      6, 556, 8, -1,
      360, 362, 552, -1,
      552, 362, 557, -1,
      552, 557, 553, -1,
      553, 557, 558, -1,
      553, 558, 554, -1,
      554, 558, 559, -1,
      554, 559, 555, -1,
      555, 559, 560, -1,
      555, 560, 556, -1,
      556, 560, 561, -1,
      556, 561, 8, -1,
      8, 561, 7, -1,
      362, 364, 557, -1,
      557, 364, 562, -1,
      557, 562, 558, -1,
      558, 562, 563, -1,
      558, 563, 559, -1,
      559, 563, 564, -1,
      559, 564, 560, -1,
      560, 564, 565, -1,
      560, 565, 561, -1,
      561, 565, 566, -1,
      561, 566, 7, -1,
      7, 566, 9, -1,
      364, 197, 562, -1,
      562, 197, 468, -1,
      562, 468, 563, -1,
      563, 468, 470, -1,
      563, 470, 564, -1,
      564, 470, 472, -1,
      564, 472, 565, -1,
      565, 472, 474, -1,
      565, 474, 566, -1,
      566, 474, 476, -1,
      566, 476, 9, -1,
      9, 476, 2, -1,
      120, 119, 502, -1,
      120, 502, 567, -1,
      567, 502, 503, -1,
      567, 503, 568, -1,
      568, 503, 504, -1,
      568, 504, 569, -1,
      569, 504, 505, -1,
      569, 505, 570, -1,
      570, 505, 506, -1,
      570, 506, 571, -1,
      571, 506, 199, -1,
      571, 199, 200, -1,
      219, 226, 572, -1,
      219, 572, 573, -1,
      573, 572, 574, -1,
      573, 574, 575, -1,
      575, 574, 576, -1,
      575, 576, 577, -1,
      577, 576, 578, -1,
      577, 578, 579, -1,
      579, 578, 580, -1,
      579, 580, 581, -1,
      581, 580, 128, -1,
      581, 128, 127, -1,
      99, 63, 65, -1,
      99, 65, 582, -1,
      582, 65, 66, -1,
      582, 66, 583, -1,
      583, 66, 74, -1,
      583, 74, 584, -1,
      584, 74, 73, -1,
      584, 73, 585, -1,
      585, 73, 72, -1,
      585, 72, 586, -1,
      586, 72, 80, -1,
      586, 80, 128, -1,
      3, 0, 516, -1,
      3, 516, 587, -1,
      587, 516, 521, -1,
      587, 521, 588, -1,
      588, 521, 522, -1,
      588, 522, 589, -1,
      589, 522, 523, -1,
      589, 523, 590, -1,
      590, 523, 507, -1,
      590, 507, 591, -1,
      591, 507, 95, -1,
      591, 95, 96, -1,
      196, 194, 537, -1,
      196, 537, 592, -1,
      592, 537, 539, -1,
      592, 539, 593, -1,
      593, 539, 541, -1,
      593, 541, 594, -1,
      594, 541, 543, -1,
      594, 543, 595, -1,
      595, 543, 545, -1,
      595, 545, 596, -1,
      596, 545, 4, -1,
      596, 4, 3, -1,
      127, 126, 581, -1,
      581, 126, 597, -1,
      581, 597, 579, -1,
      579, 597, 598, -1,
      579, 598, 577, -1,
      577, 598, 599, -1,
      577, 599, 575, -1,
      575, 599, 600, -1,
      575, 600, 573, -1,
      573, 600, 601, -1,
      573, 601, 219, -1,
      219, 601, 602, -1,
      126, 125, 597, -1,
      597, 125, 603, -1,
      597, 603, 598, -1,
      598, 603, 604, -1,
      598, 604, 599, -1,
      599, 604, 605, -1,
      599, 605, 600, -1,
      600, 605, 606, -1,
      600, 606, 601, -1,
      601, 606, 607, -1,
      601, 607, 602, -1,
      602, 607, 608, -1,
      125, 124, 603, -1,
      603, 124, 609, -1,
      603, 609, 604, -1,
      604, 609, 610, -1,
      604, 610, 605, -1,
      605, 610, 611, -1,
      605, 611, 606, -1,
      606, 611, 612, -1,
      606, 612, 607, -1,
      607, 612, 613, -1,
      607, 613, 608, -1,
      608, 613, 614, -1,
      124, 123, 609, -1,
      609, 123, 615, -1,
      609, 615, 610, -1,
      610, 615, 616, -1,
      610, 616, 611, -1,
      611, 616, 617, -1,
      611, 617, 612, -1,
      612, 617, 618, -1,
      612, 618, 613, -1,
      613, 618, 619, -1,
      613, 619, 614, -1,
      614, 619, 620, -1,
      123, 122, 615, -1,
      615, 122, 621, -1,
      615, 621, 616, -1,
      616, 621, 622, -1,
      616, 622, 617, -1,
      617, 622, 623, -1,
      617, 623, 618, -1,
      618, 623, 624, -1,
      618, 624, 619, -1,
      619, 624, 625, -1,
      619, 625, 620, -1,
      620, 625, 626, -1,
      122, 120, 621, -1,
      621, 120, 567, -1,
      621, 567, 622, -1,
      622, 567, 568, -1,
      622, 568, 623, -1,
      623, 568, 569, -1,
      623, 569, 624, -1,
      624, 569, 570, -1,
      624, 570, 625, -1,
      625, 570, 571, -1,
      625, 571, 626, -1,
      626, 571, 200, -1,
      128, 580, 627, -1,
      628, 629, 630, -1,
      226, 631, 632, -1,
      630, 629, 226, -1,
      633, 226, 629, -1,
      633, 629, 634, -1,
      634, 629, 628, -1,
      634, 628, 635, -1,
      572, 226, 633, -1,
      636, 637, 638, -1,
      638, 637, 632, -1,
      638, 632, 639, -1,
      639, 632, 631, -1,
      639, 631, 640, -1,
      572, 633, 574, -1,
      574, 633, 634, -1,
      574, 634, 576, -1,
      576, 634, 635, -1,
      576, 635, 578, -1,
      641, 636, 642, -1,
      642, 636, 638, -1,
      642, 638, 643, -1,
      643, 638, 639, -1,
      643, 639, 644, -1,
      644, 639, 640, -1,
      644, 640, 645, -1,
      646, 641, 647, -1,
      647, 641, 642, -1,
      647, 642, 648, -1,
      648, 642, 643, -1,
      648, 643, 649, -1,
      649, 643, 644, -1,
      649, 644, 650, -1,
      650, 644, 645, -1,
      650, 645, 651, -1,
      580, 646, 627, -1,
      627, 646, 647, -1,
      627, 647, 652, -1,
      652, 647, 648, -1,
      652, 648, 653, -1,
      653, 648, 649, -1,
      653, 649, 654, -1,
      654, 649, 650, -1,
      654, 650, 655, -1,
      655, 650, 651, -1,
      655, 651, 656, -1,
      128, 627, 586, -1,
      586, 627, 652, -1,
      586, 652, 585, -1,
      585, 652, 653, -1,
      585, 653, 584, -1,
      584, 653, 654, -1,
      584, 654, 583, -1,
      583, 654, 655, -1,
      583, 655, 582, -1,
      582, 655, 656, -1,
      582, 656, 99, -1,
      637, 226, 632, -1,
      580, 578, 646, -1,
      646, 578, 635, -1,
      646, 635, 641, -1,
      641, 635, 628, -1,
      641, 628, 636, -1,
      636, 628, 630, -1,
      636, 630, 637, -1,
      637, 630, 226, -1,
      196, 592, 657, -1,
      658, 659, 660, -1,
      3, 587, 661, -1,
      660, 659, 3, -1,
      662, 3, 659, -1,
      662, 659, 663, -1,
      663, 659, 658, -1,
      663, 658, 664, -1,
      596, 3, 662, -1,
      665, 666, 667, -1,
      667, 666, 661, -1,
      667, 661, 668, -1,
      668, 661, 587, -1,
      668, 587, 588, -1,
      596, 662, 595, -1,
      595, 662, 663, -1,
      595, 663, 594, -1,
      594, 663, 664, -1,
      594, 664, 593, -1,
      669, 665, 670, -1,
      670, 665, 667, -1,
      670, 667, 671, -1,
      671, 667, 668, -1,
      671, 668, 672, -1,
      672, 668, 588, -1,
      672, 588, 589, -1,
      673, 669, 674, -1,
      674, 669, 670, -1,
      674, 670, 675, -1,
      675, 670, 671, -1,
      675, 671, 676, -1,
      676, 671, 672, -1,
      676, 672, 677, -1,
      677, 672, 589, -1,
      677, 589, 590, -1,
      592, 673, 657, -1,
      657, 673, 674, -1,
      657, 674, 678, -1,
      678, 674, 675, -1,
      678, 675, 679, -1,
      679, 675, 676, -1,
      679, 676, 680, -1,
      680, 676, 677, -1,
      680, 677, 681, -1,
      681, 677, 590, -1,
      681, 590, 591, -1,
      196, 657, 682, -1,
      682, 657, 678, -1,
      682, 678, 683, -1,
      683, 678, 679, -1,
      683, 679, 684, -1,
      684, 679, 680, -1,
      684, 680, 685, -1,
      685, 680, 681, -1,
      685, 681, 686, -1,
      686, 681, 591, -1,
      686, 591, 96, -1,
      666, 3, 661, -1,
      592, 593, 673, -1,
      673, 593, 664, -1,
      673, 664, 669, -1,
      669, 664, 658, -1,
      669, 658, 665, -1,
      665, 658, 660, -1,
      665, 660, 666, -1,
      666, 660, 3, -1,
      200, 198, 626, -1,
      626, 198, 687, -1,
      626, 687, 620, -1,
      620, 687, 688, -1,
      620, 688, 614, -1,
      614, 688, 689, -1,
      614, 689, 608, -1,
      608, 689, 690, -1,
      608, 690, 602, -1,
      602, 690, 691, -1,
      602, 691, 219, -1,
      219, 691, 203, -1,
      226, 208, 692, -1,
      226, 692, 631, -1,
      631, 692, 693, -1,
      631, 693, 640, -1,
      640, 693, 694, -1,
      640, 694, 645, -1,
      645, 694, 695, -1,
      645, 695, 651, -1,
      651, 695, 696, -1,
      651, 696, 656, -1,
      656, 696, 92, -1,
      656, 92, 99, -1,
      195, 196, 682, -1,
      195, 682, 697, -1,
      697, 682, 683, -1,
      697, 683, 698, -1,
      698, 683, 684, -1,
      698, 684, 699, -1,
      699, 684, 685, -1,
      699, 685, 700, -1,
      700, 685, 686, -1,
      700, 686, 701, -1,
      701, 686, 96, -1,
      701, 96, 97, -1,
      203, 691, 204, -1,
      204, 691, 702, -1,
      204, 702, 205, -1,
      205, 702, 703, -1,
      205, 703, 206, -1,
      206, 703, 704, -1,
      206, 704, 214, -1,
      214, 704, 705, -1,
      214, 705, 213, -1,
      213, 705, 706, -1,
      213, 706, 207, -1,
      207, 706, 707, -1,
      691, 690, 702, -1,
      702, 690, 708, -1,
      702, 708, 703, -1,
      703, 708, 709, -1,
      703, 709, 704, -1,
      704, 709, 710, -1,
      704, 710, 705, -1,
      705, 710, 711, -1,
      705, 711, 706, -1,
      706, 711, 712, -1,
      706, 712, 707, -1,
      707, 712, 713, -1,
      690, 689, 708, -1,
      708, 689, 714, -1,
      708, 714, 709, -1,
      709, 714, 715, -1,
      709, 715, 710, -1,
      710, 715, 716, -1,
      710, 716, 711, -1,
      711, 716, 717, -1,
      711, 717, 712, -1,
      712, 717, 718, -1,
      712, 718, 713, -1,
      713, 718, 719, -1,
      689, 688, 714, -1,
      714, 688, 720, -1,
      714, 720, 715, -1,
      715, 720, 721, -1,
      715, 721, 716, -1,
      716, 721, 722, -1,
      716, 722, 717, -1,
      717, 722, 723, -1,
      717, 723, 718, -1,
      718, 723, 724, -1,
      718, 724, 719, -1,
      719, 724, 725, -1,
      688, 687, 720, -1,
      720, 687, 726, -1,
      720, 726, 721, -1,
      721, 726, 727, -1,
      721, 727, 722, -1,
      722, 727, 728, -1,
      722, 728, 723, -1,
      723, 728, 729, -1,
      723, 729, 724, -1,
      724, 729, 730, -1,
      724, 730, 725, -1,
      725, 730, 731, -1,
      687, 198, 726, -1,
      726, 198, 365, -1,
      726, 365, 727, -1,
      727, 365, 363, -1,
      727, 363, 728, -1,
      728, 363, 361, -1,
      728, 361, 729, -1,
      729, 361, 359, -1,
      729, 359, 730, -1,
      730, 359, 357, -1,
      730, 357, 731, -1,
      731, 357, 193, -1,
      97, 98, 701, -1,
      701, 98, 732, -1,
      701, 732, 700, -1,
      700, 732, 733, -1,
      700, 733, 699, -1,
      699, 733, 734, -1,
      699, 734, 698, -1,
      698, 734, 735, -1,
      698, 735, 697, -1,
      697, 735, 736, -1,
      697, 736, 195, -1,
      195, 736, 737, -1,
      98, 115, 732, -1,
      732, 115, 738, -1,
      732, 738, 733, -1,
      733, 738, 739, -1,
      733, 739, 734, -1,
      734, 739, 740, -1,
      734, 740, 735, -1,
      735, 740, 741, -1,
      735, 741, 736, -1,
      736, 741, 742, -1,
      736, 742, 737, -1,
      737, 742, 743, -1,
      115, 114, 738, -1,
      738, 114, 744, -1,
      738, 744, 739, -1,
      739, 744, 745, -1,
      739, 745, 740, -1,
      740, 745, 746, -1,
      740, 746, 741, -1,
      741, 746, 747, -1,
      741, 747, 742, -1,
      742, 747, 748, -1,
      742, 748, 743, -1,
      743, 748, 749, -1,
      114, 113, 744, -1,
      744, 113, 750, -1,
      744, 750, 745, -1,
      745, 750, 751, -1,
      745, 751, 746, -1,
      746, 751, 752, -1,
      746, 752, 747, -1,
      747, 752, 753, -1,
      747, 753, 748, -1,
      748, 753, 754, -1,
      748, 754, 749, -1,
      749, 754, 755, -1,
      113, 93, 750, -1,
      750, 93, 756, -1,
      750, 756, 751, -1,
      751, 756, 757, -1,
      751, 757, 752, -1,
      752, 757, 758, -1,
      752, 758, 753, -1,
      753, 758, 759, -1,
      753, 759, 754, -1,
      754, 759, 760, -1,
      754, 760, 755, -1,
      755, 760, 761, -1,
      93, 92, 756, -1,
      756, 92, 696, -1,
      756, 696, 757, -1,
      757, 696, 695, -1,
      757, 695, 758, -1,
      758, 695, 694, -1,
      758, 694, 759, -1,
      759, 694, 693, -1,
      759, 693, 760, -1,
      760, 693, 692, -1,
      760, 692, 761, -1,
      761, 692, 208, -1,
      193, 195, 731, -1,
      731, 195, 737, -1,
      731, 737, 725, -1,
      725, 737, 743, -1,
      725, 743, 719, -1,
      719, 743, 749, -1,
      719, 749, 713, -1,
      713, 749, 755, -1,
      713, 755, 707, -1,
      707, 755, 761, -1,
      707, 761, 207, -1,
      207, 761, 208, -1,
    ]
  }
}

Shape {
  appearance Appearance {
    material Material {
      diffuseColor 0.7686 0.7686 0.7686
      specularColor 0.6157 0.6157 0.6157
      ambientIntensity 0.2
      transparency 0.0000
      shininess 0.5
    }
  }
  geometry IndexedFaceSet {
    ccw TRUE
    solid FALSE
    coord DEF co Coordinate {
      point [
        -0.618110 -0.940945 0.314961,
        -0.618110 -1.059055 0.314961,
        -0.421260 -0.940945 0.314961,
        -0.421260 -1.059055 0.314961,
        -2.618110 0.940945 0.314961,
        -2.421260 0.940945 0.314961,
        -2.421260 1.059055 0.314961,
        -2.618110 1.059055 0.314961,
        -0.421260 0.940945 0.314961,
        -0.618110 0.940945 0.314961,
        -0.618110 1.059055 0.314961,
        -0.421260 1.059055 0.314961,
        0.381890 0.940945 0.314961,
        0.578740 0.940945 0.314961,
        0.578740 1.059055 0.314961,
        0.381890 1.059055 0.314961,
        1.381890 0.940945 0.314961,
        1.578740 0.940945 0.314961,
        1.578740 1.059055 0.314961,
        1.381890 1.059055 0.314961,
        -2.421260 -1.059055 0.314961,
        -2.421260 -0.940945 0.314961,
        -2.618110 -0.940945 0.314961,
        -2.618110 -1.059055 0.314961,
        0.578740 -1.059055 0.314961,
        0.578740 -0.940945 0.314961,
        0.381890 -1.059055 0.314961,
        0.381890 -0.940945 0.314961,
        1.381890 -1.059055 0.314961,
        1.578740 -1.059055 0.314961,
        1.381890 -0.940945 0.314961,
        1.578740 -0.940945 0.314961,
        -0.421260 0.940945 -1.023622,
        -0.421260 1.059055 -1.023622,
        -0.618110 0.940945 -1.023622,
        -0.618110 1.059055 -1.023622,
        -2.421260 0.940945 -1.023622,
        -2.421260 1.059055 -1.023622,
        -2.618110 0.940945 -1.023622,
        -2.618110 1.059055 -1.023622,
        0.578740 0.940945 -1.023622,
        0.578740 1.059055 -1.023622,
        0.381890 0.940945 -1.023622,
        0.381890 1.059055 -1.023622,
        1.578740 0.940945 -1.023622,
        1.578740 1.059055 -1.023622,
        1.381890 0.940945 -1.023622,
        1.381890 1.059055 -1.023622,
        1.381890 -0.940945 -1.023622,
        1.381890 -1.059055 -1.023622,
        1.578740 -0.940945 -1.023622,
        1.578740 -1.059055 -1.023622,
        0.381890 -0.940945 -1.023622,
        0.381890 -1.059055 -1.023622,
        0.578740 -0.940945 -1.023622,
        0.578740 -1.059055 -1.023622,
        -0.618110 -0.940945 -1.023622,
        -0.618110 -1.059055 -1.023622,
        -0.421260 -0.940945 -1.023622,
        -0.421260 -1.059055 -1.023622,
        -2.618110 -0.940945 -1.023622,
        -2.618110 -1.059055 -1.023622,
        -2.421260 -0.940945 -1.023622,
        -2.421260 -1.059055 -1.023622,
      ]
    }
    coordIndex [
      32, 33, 8, -1,
      8, 33, 11, -1,
      34, 32, 9, -1,
      9, 32, 8, -1,
      35, 34, 10, -1,
      10, 34, 9, -1,
      33, 35, 11, -1,
      11, 35, 10, -1,
      34, 35, 32, -1,
      32, 35, 33, -1,
      36, 37, 5, -1,
      5, 37, 6, -1,
      38, 36, 4, -1,
      4, 36, 5, -1,
      39, 38, 7, -1,
      7, 38, 4, -1,
      37, 39, 6, -1,
      6, 39, 7, -1,
      38, 39, 36, -1,
      36, 39, 37, -1,
      40, 41, 13, -1,
      13, 41, 14, -1,
      42, 40, 12, -1,
      12, 40, 13, -1,
      43, 42, 15, -1,
      15, 42, 12, -1,
      41, 43, 14, -1,
      14, 43, 15, -1,
      42, 43, 40, -1,
      40, 43, 41, -1,
      44, 45, 17, -1,
      17, 45, 18, -1,
      46, 44, 16, -1,
      16, 44, 17, -1,
      47, 46, 19, -1,
      19, 46, 16, -1,
      45, 47, 18, -1,
      18, 47, 19, -1,
      46, 47, 44, -1,
      44, 47, 45, -1,
      48, 49, 30, -1,
      30, 49, 28, -1,
      50, 48, 31, -1,
      31, 48, 30, -1,
      51, 50, 29, -1,
      29, 50, 31, -1,
      49, 51, 28, -1,
      28, 51, 29, -1,
      50, 51, 48, -1,
      48, 51, 49, -1,
      52, 53, 27, -1,
      27, 53, 26, -1,
      54, 52, 25, -1,
      25, 52, 27, -1,
      55, 54, 24, -1,
      24, 54, 25, -1,
      53, 55, 26, -1,
      26, 55, 24, -1,
      54, 55, 52, -1,
      52, 55, 53, -1,
      56, 57, 0, -1,
      0, 57, 1, -1,
      58, 56, 2, -1,
      2, 56, 0, -1,
      59, 58, 3, -1,
      3, 58, 2, -1,
      57, 59, 1, -1,
      1, 59, 3, -1,
      58, 59, 56, -1,
      56, 59, 57, -1,
      60, 61, 22, -1,
      22, 61, 23, -1,
      62, 60, 21, -1,
      21, 60, 22, -1,
      63, 62, 20, -1,
      20, 62, 21, -1,
      61, 63, 23, -1,
      23, 63, 20, -1,
      62, 63, 60, -1,
      60, 63, 61, -1,
    ]
  }
}

Shape {
  appearance Appearance {
    material Material {
      diffuseColor 0.4510 0.4314 0.4196
      specularColor 0.0314 0.0314 0.0314
      ambientIntensity 0.2
      transparency 0.0000
      shininess 0.5
    }
  }
  geometry IndexedFaceSet {
    ccw TRUE
    solid FALSE
    coord DEF co Coordinate {
      point [
        0.580714 -0.019563 0.314961,
        -0.659255 -0.067388 0.314961,
        -0.514511 -0.239723 0.314961,
        -0.554293 -0.225367 0.314961,
        -0.379483 -0.229461 0.314961,
        -0.397574 -0.237208 0.314961,
        -0.462175 -0.245601 0.314961,
        -0.661790 -0.026035 0.314961,
        -0.656409 0.031503 0.314961,
        -0.641969 0.077219 0.314961,
        -0.619987 0.114073 0.314961,
        -0.595046 0.140385 0.314961,
        -0.562426 0.162371 0.314961,
        -0.591080 -0.200756 0.314961,
        -0.623176 -0.165323 0.314961,
        -0.645088 -0.124286 0.314961,
        -0.523700 0.176628 0.314961,
        -0.474126 0.182189 0.314961,
        -0.403574 0.174358 0.314961,
        -0.337707 0.148160 0.314961,
        -0.337707 -0.211572 0.314961,
        -0.347233 0.153437 0.314961,
        -0.379483 0.165412 0.314961,
        -0.337707 -0.282870 0.314961,
        -0.379483 -0.294207 0.314961,
        -0.399157 -0.299545 0.314961,
        -0.415817 -0.300695 0.314961,
        -0.502601 -0.300695 0.314961,
        -0.462783 -0.303936 0.314961,
        -0.337707 0.206495 0.314961,
        -0.379483 0.223648 0.314961,
        -0.394362 0.229757 0.314961,
        -0.600964 0.216001 0.314961,
        -0.643717 0.188700 0.314961,
        -0.683639 0.146670 0.314961,
        -0.711953 0.096133 0.314961,
        -0.704975 -0.157598 0.314961,
        -0.673794 -0.207270 0.314961,
        -0.625770 -0.253403 0.314961,
        -0.575275 -0.282425 0.314961,
        -0.516022 -0.299602 0.314961,
        -0.469417 0.240274 0.314961,
        -0.483950 0.240524 0.314961,
        -0.549449 0.233732 0.314961,
        -0.727949 0.039874 0.314961,
        -0.733088 -0.021680 0.314961,
        -0.725443 -0.097243 0.314961,
        0.575230 0.032739 0.314961,
        0.556148 0.088370 0.314961,
        0.525669 0.135910 0.314961,
        0.481921 0.177797 0.314961,
        0.426426 0.210047 0.314961,
        0.365183 0.228302 0.314961,
        0.304889 -0.297454 0.314961,
        0.381675 -0.289246 0.314961,
        0.443845 -0.267418 0.314961,
        0.501698 -0.228652 0.314961,
        0.502301 -0.228122 0.314961,
        0.539874 -0.186444 0.314961,
        0.564566 -0.140730 0.314961,
        0.582689 -0.038390 0.314961,
        0.580714 -0.063974 0.314961,
        0.578833 -0.088362 0.314961,
        0.299420 0.234042 0.314961,
        0.154899 0.234042 0.314961,
        0.154899 -0.297454 0.314961,
        -0.979391 0.175707 0.314961,
        -0.778460 0.175707 0.314961,
        -0.979391 -0.297454 0.314961,
        -1.050690 -0.297454 0.314961,
        -1.050690 0.234042 0.314961,
        -0.778460 0.234042 0.314961,
        0.038229 -0.297454 0.314961,
        0.038229 -0.239119 0.314961,
        0.051193 0.175707 0.314961,
        0.051193 0.234042 0.314961,
        -0.234001 0.234042 0.314961,
        -0.234001 -0.297454 0.314961,
        -0.162702 -0.005780 0.314961,
        -0.162702 0.175707 0.314961,
        0.025266 -0.005780 0.314961,
        0.025266 -0.064114 0.314961,
        -0.162702 -0.064114 0.314961,
        -0.162702 -0.239119 0.314961,
        -0.778460 0.175707 0.318898,
        -0.778460 0.234042 0.318898,
        -1.050690 0.234042 0.318898,
        -1.050690 -0.297454 0.318898,
        -0.979391 -0.297454 0.318898,
        -0.979391 0.175707 0.318898,
        -0.337707 0.148160 0.318898,
        -0.337707 0.206495 0.318898,
        -0.394362 0.229757 0.318898,
        -0.469417 0.240274 0.318898,
        -0.483950 0.240524 0.318898,
        -0.733088 -0.021680 0.318898,
        -0.727949 0.039874 0.318898,
        -0.711953 0.096133 0.318898,
        -0.683639 0.146670 0.318898,
        -0.643717 0.188700 0.318898,
        -0.600964 0.216001 0.318898,
        -0.549449 0.233732 0.318898,
        -0.516022 -0.299602 0.318898,
        -0.462783 -0.303936 0.318898,
        -0.575275 -0.282425 0.318898,
        -0.625770 -0.253403 0.318898,
        -0.673794 -0.207270 0.318898,
        -0.704975 -0.157598 0.318898,
        -0.725443 -0.097243 0.318898,
        -0.399157 -0.299545 0.318898,
        -0.337707 -0.282870 0.318898,
        -0.337707 -0.211572 0.318898,
        -0.397574 -0.237208 0.318898,
        -0.462175 -0.245601 0.318898,
        -0.661790 -0.026035 0.318898,
        -0.659255 -0.067388 0.318898,
        -0.645088 -0.124286 0.318898,
        -0.623176 -0.165323 0.318898,
        -0.591080 -0.200756 0.318898,
        -0.554293 -0.225367 0.318898,
        -0.514511 -0.239723 0.318898,
        -0.474126 0.182189 0.318898,
        -0.523700 0.176628 0.318898,
        -0.562426 0.162371 0.318898,
        -0.595046 0.140385 0.318898,
        -0.619987 0.114073 0.318898,
        -0.641969 0.077219 0.318898,
        -0.656409 0.031503 0.318898,
        -0.403574 0.174358 0.318898,
        -0.347233 0.153437 0.318898,
        0.051193 0.175707 0.318898,
        0.051193 0.234042 0.318898,
        -0.234001 0.234042 0.318898,
        -0.234001 -0.297454 0.318898,
        0.038229 -0.297454 0.318898,
        0.038229 -0.239119 0.318898,
        -0.162702 -0.239119 0.318898,
        -0.162702 -0.064114 0.318898,
        0.025266 -0.064114 0.318898,
        0.025266 -0.005780 0.318898,
        -0.162702 -0.005780 0.318898,
        -0.162702 0.175707 0.318898,
        0.299420 0.234042 0.318898,
        0.154899 0.234042 0.318898,
        0.154899 -0.297454 0.318898,
        0.304889 -0.297454 0.318898,
        0.578833 -0.088362 0.318898,
        0.582689 -0.038390 0.318898,
        0.564566 -0.140730 0.318898,
        0.539874 -0.186444 0.318898,
        0.502301 -0.228122 0.318898,
        0.501698 -0.228652 0.318898,
        0.443845 -0.267418 0.318898,
        0.381675 -0.289246 0.318898,
        0.575230 0.032739 0.318898,
        0.556148 0.088370 0.318898,
        0.525669 0.135910 0.318898,
        0.481921 0.177797 0.318898,
        0.426426 0.210047 0.318898,
        0.365183 0.228302 0.318898,
        0.476003 -0.164587 0.318898,
        0.450187 -0.191998 0.318898,
        0.411364 -0.217079 0.318898,
        0.367492 -0.232432 0.318898,
        0.304585 -0.239119 0.318898,
        0.226197 -0.239119 0.318898,
        0.226197 0.175707 0.318898,
        0.301648 0.175707 0.318898,
        0.357721 0.170488 0.318898,
        0.402447 0.156527 0.318898,
        0.438694 0.135003 0.318898,
        0.468504 0.105559 0.318898,
        0.490922 0.068914 0.318898,
        0.506510 0.018954 0.318898,
        0.511390 -0.036871 0.318898,
        0.506875 -0.089768 0.318898,
        0.494467 -0.131806 0.318898,
        0.304585 -0.239119 0.314961,
        0.226197 -0.239119 0.314961,
        0.367492 -0.232432 0.314961,
        0.411364 -0.217079 0.314961,
        0.450187 -0.191998 0.314961,
        0.476003 -0.164587 0.314961,
        0.494467 -0.131806 0.314961,
        0.506875 -0.089768 0.314961,
        0.511390 -0.036871 0.314961,
        0.506510 0.018954 0.314961,
        0.490922 0.068914 0.314961,
        0.468504 0.105559 0.314961,
        0.438694 0.135003 0.314961,
        0.402447 0.156527 0.314961,
        0.357721 0.170488 0.314961,
        0.301648 0.175707 0.314961,
        0.226197 0.175707 0.314961,
      ]
    }
    coordIndex [
      84, 85, 67, -1,
      67, 85, 71, -1,
      85, 86, 71, -1,
      71, 86, 70, -1,
      86, 87, 70, -1,
      70, 87, 69, -1,
      87, 88, 69, -1,
      69, 88, 68, -1,
      88, 89, 68, -1,
      68, 89, 66, -1,
      89, 84, 66, -1,
      66, 84, 67, -1,
      88, 87, 89, -1,
      89, 87, 86, -1,
      89, 86, 84, -1,
      84, 86, 85, -1,
      90, 91, 19, -1,
      19, 91, 29, -1,
      29, 91, 30, -1,
      30, 91, 92, -1,
      30, 92, 31, -1,
      31, 92, 93, -1,
      31, 93, 41, -1,
      41, 93, 94, -1,
      41, 94, 42, -1,
      95, 45, 44, -1,
      95, 44, 96, -1,
      96, 44, 35, -1,
      96, 35, 97, -1,
      97, 35, 34, -1,
      97, 34, 98, -1,
      98, 34, 33, -1,
      98, 33, 99, -1,
      99, 33, 32, -1,
      99, 32, 100, -1,
      100, 32, 43, -1,
      100, 43, 101, -1,
      101, 43, 42, -1,
      101, 42, 94, -1,
      102, 103, 27, -1,
      27, 103, 28, -1,
      27, 40, 102, -1,
      102, 40, 39, -1,
      102, 39, 104, -1,
      104, 39, 38, -1,
      104, 38, 105, -1,
      105, 38, 37, -1,
      105, 37, 106, -1,
      106, 37, 36, -1,
      106, 36, 107, -1,
      107, 36, 46, -1,
      107, 46, 108, -1,
      108, 46, 45, -1,
      108, 45, 95, -1,
      109, 110, 24, -1,
      24, 110, 23, -1,
      28, 103, 26, -1,
      26, 103, 109, -1,
      26, 109, 25, -1,
      25, 109, 24, -1,
      110, 111, 23, -1,
      23, 111, 20, -1,
      20, 111, 4, -1,
      4, 111, 112, -1,
      4, 112, 5, -1,
      5, 112, 113, -1,
      5, 113, 6, -1,
      114, 7, 1, -1,
      114, 1, 115, -1,
      115, 1, 15, -1,
      115, 15, 116, -1,
      116, 15, 14, -1,
      116, 14, 117, -1,
      117, 14, 13, -1,
      117, 13, 118, -1,
      118, 13, 3, -1,
      118, 3, 119, -1,
      119, 3, 2, -1,
      119, 2, 120, -1,
      120, 2, 6, -1,
      120, 6, 113, -1,
      121, 17, 16, -1,
      121, 16, 122, -1,
      122, 16, 12, -1,
      122, 12, 123, -1,
      123, 12, 11, -1,
      123, 11, 124, -1,
      124, 11, 10, -1,
      124, 10, 125, -1,
      125, 10, 9, -1,
      125, 9, 126, -1,
      126, 9, 8, -1,
      126, 8, 127, -1,
      127, 8, 7, -1,
      127, 7, 114, -1,
      17, 121, 128, -1,
      90, 19, 21, -1,
      90, 21, 129, -1,
      129, 21, 22, -1,
      129, 22, 128, -1,
      128, 22, 18, -1,
      128, 18, 17, -1,
      122, 94, 121, -1,
      121, 94, 93, -1,
      121, 93, 128, -1,
      128, 93, 92, -1,
      128, 92, 129, -1,
      129, 92, 91, -1,
      129, 91, 90, -1,
      111, 110, 112, -1,
      112, 110, 109, -1,
      112, 109, 113, -1,
      113, 109, 103, -1,
      113, 103, 120, -1,
      120, 103, 102, -1,
      120, 102, 119, -1,
      119, 102, 104, -1,
      119, 104, 118, -1,
      118, 104, 105, -1,
      118, 105, 117, -1,
      117, 105, 106, -1,
      117, 106, 116, -1,
      116, 106, 107, -1,
      116, 107, 115, -1,
      115, 107, 108, -1,
      115, 108, 114, -1,
      114, 108, 95, -1,
      114, 95, 127, -1,
      127, 95, 96, -1,
      127, 96, 126, -1,
      126, 96, 97, -1,
      126, 97, 125, -1,
      125, 97, 98, -1,
      125, 98, 124, -1,
      124, 98, 99, -1,
      124, 99, 123, -1,
      123, 99, 100, -1,
      123, 100, 122, -1,
      122, 100, 101, -1,
      122, 101, 94, -1,
      130, 131, 74, -1,
      74, 131, 75, -1,
      131, 132, 75, -1,
      75, 132, 76, -1,
      132, 133, 76, -1,
      76, 133, 77, -1,
      133, 134, 77, -1,
      77, 134, 72, -1,
      134, 135, 72, -1,
      72, 135, 73, -1,
      135, 136, 73, -1,
      73, 136, 83, -1,
      136, 137, 83, -1,
      83, 137, 82, -1,
      137, 138, 82, -1,
      82, 138, 81, -1,
      138, 139, 81, -1,
      81, 139, 80, -1,
      139, 140, 80, -1,
      80, 140, 78, -1,
      140, 141, 78, -1,
      78, 141, 79, -1,
      141, 130, 79, -1,
      79, 130, 74, -1,
      132, 131, 130, -1,
      130, 141, 132, -1,
      132, 141, 140, -1,
      132, 140, 133, -1,
      135, 134, 136, -1,
      136, 134, 133, -1,
      136, 133, 137, -1,
      137, 133, 140, -1,
      137, 140, 138, -1,
      138, 140, 139, -1,
      142, 143, 63, -1,
      63, 143, 64, -1,
      143, 144, 64, -1,
      64, 144, 65, -1,
      144, 145, 65, -1,
      65, 145, 53, -1,
      146, 147, 61, -1,
      61, 147, 60, -1,
      61, 62, 146, -1,
      146, 62, 59, -1,
      146, 59, 148, -1,
      148, 59, 58, -1,
      148, 58, 149, -1,
      149, 58, 57, -1,
      149, 57, 150, -1,
      150, 57, 56, -1,
      150, 56, 151, -1,
      151, 56, 55, -1,
      151, 55, 152, -1,
      152, 55, 54, -1,
      152, 54, 153, -1,
      153, 54, 53, -1,
      153, 53, 145, -1,
      60, 147, 0, -1,
      0, 147, 154, -1,
      0, 154, 47, -1,
      47, 154, 155, -1,
      47, 155, 48, -1,
      48, 155, 156, -1,
      48, 156, 49, -1,
      49, 156, 157, -1,
      49, 157, 50, -1,
      50, 157, 158, -1,
      50, 158, 51, -1,
      51, 158, 159, -1,
      51, 159, 52, -1,
      52, 159, 142, -1,
      52, 142, 63, -1,
      148, 149, 160, -1,
      160, 149, 150, -1,
      160, 150, 161, -1,
      161, 150, 151, -1,
      161, 151, 162, -1,
      162, 151, 152, -1,
      162, 152, 163, -1,
      163, 152, 153, -1,
      163, 153, 164, -1,
      164, 153, 145, -1,
      164, 145, 165, -1,
      165, 145, 144, -1,
      165, 144, 166, -1,
      166, 144, 143, -1,
      166, 143, 167, -1,
      167, 143, 142, -1,
      167, 142, 168, -1,
      168, 142, 159, -1,
      168, 159, 169, -1,
      169, 159, 158, -1,
      169, 158, 170, -1,
      170, 158, 157, -1,
      170, 157, 171, -1,
      171, 157, 156, -1,
      171, 156, 172, -1,
      172, 156, 155, -1,
      172, 155, 173, -1,
      173, 155, 154, -1,
      173, 154, 174, -1,
      174, 154, 147, -1,
      174, 147, 175, -1,
      175, 147, 146, -1,
      175, 146, 176, -1,
      176, 146, 148, -1,
      176, 148, 160, -1,
      164, 165, 177, -1,
      177, 165, 178, -1,
      164, 177, 179, -1,
      164, 179, 163, -1,
      163, 179, 180, -1,
      163, 180, 162, -1,
      162, 180, 181, -1,
      162, 181, 161, -1,
      161, 181, 182, -1,
      161, 182, 160, -1,
      160, 182, 183, -1,
      160, 183, 176, -1,
      176, 183, 184, -1,
      176, 184, 175, -1,
      175, 184, 185, -1,
      175, 185, 174, -1,
      174, 185, 186, -1,
      174, 186, 173, -1,
      173, 186, 187, -1,
      173, 187, 172, -1,
      172, 187, 188, -1,
      172, 188, 171, -1,
      171, 188, 189, -1,
      171, 189, 170, -1,
      170, 189, 190, -1,
      170, 190, 169, -1,
      169, 190, 191, -1,
      169, 191, 168, -1,
      168, 191, 192, -1,
      168, 192, 167, -1,
      166, 167, 193, -1,
      193, 167, 192, -1,
      165, 166, 178, -1,
      178, 166, 193, -1,
    ]
  }
}

Shape {
  appearance Appearance {
    material Material {
      diffuseColor 0.4980 0.4980 0.4980
      specularColor 0.1490 0.1490 0.1490
      ambientIntensity 0.2
      transparency 0.0000
      shininess 0.5
    }
  }
  geometry IndexedFaceSet {
    ccw TRUE
    solid FALSE
    coord DEF co Coordinate {
      point [
        0.304585 -0.239119 0.314961,
        0.226197 -0.239119 0.314961,
        0.367492 -0.232432 0.314961,
        0.411364 -0.217079 0.314961,
        0.450187 -0.191998 0.314961,
        0.476003 -0.164587 0.314961,
        0.494467 -0.131806 0.314961,
        0.506875 -0.089768 0.314961,
        0.511390 -0.036871 0.314961,
        0.506510 0.018954 0.314961,
        0.490922 0.068914 0.314961,
        0.468504 0.105559 0.314961,
        0.438694 0.135003 0.314961,
        0.402447 0.156527 0.314961,
        0.357721 0.170488 0.314961,
        0.301648 0.175707 0.314961,
        0.226197 0.175707 0.314961,
      ]
    }
    coordIndex [
      1, 16, 0, -1,
      0, 16, 15, -1,
      0, 15, 14, -1,
      8, 7, 0, -1,
      0, 7, 6, -1,
      0, 6, 2, -1,
      14, 13, 0, -1,
      0, 13, 12, -1,
      0, 12, 11, -1,
      11, 10, 0, -1,
      0, 10, 9, -1,
      0, 9, 8, -1,
      5, 4, 6, -1,
      6, 4, 3, -1,
      6, 3, 2, -1,
    ]
  }
}

Shape {
  appearance Appearance {
    material Material {
      diffuseColor 0.4510 0.4314 0.4196
      specularColor 0.0314 0.0314 0.0314
      ambientIntensity 0.2
      transparency 0.0000
      shininess 0.5
    }
  }
  geometry IndexedFaceSet {
    ccw TRUE
    solid FALSE
    coord DEF co Coordinate {
      point [
        1.023441 0.234042 0.314961,
        0.969664 0.084964 0.314961,
        0.750098 0.084964 0.314961,
        0.621578 0.234042 0.314961,
        0.699358 0.234042 0.314961,
        0.822510 -0.297454 0.314961,
        0.893808 -0.297454 0.314961,
        1.101221 0.234042 0.314961,
        0.893808 -0.297454 0.318898,
        1.101221 0.234042 0.318898,
        1.023441 0.234042 0.318898,
        0.969664 0.084964 0.318898,
        0.750098 0.084964 0.318898,
        0.699358 0.234042 0.318898,
        0.621578 0.234042 0.318898,
        0.822510 -0.297454 0.318898,
        0.768023 0.026629 0.318898,
        0.847322 -0.195368 0.318898,
        0.852437 -0.213801 0.318898,
        0.855830 -0.232637 0.318898,
        0.857551 -0.232637 0.318898,
        0.861020 -0.213858 0.318898,
        0.945763 0.026629 0.318898,
        0.865755 -0.195368 0.318898,
        0.768023 0.026629 0.314961,
        0.945763 0.026629 0.314961,
        0.847322 -0.195368 0.314961,
        0.852437 -0.213801 0.314961,
        0.855830 -0.232637 0.314961,
        0.857551 -0.232637 0.314961,
        0.861020 -0.213858 0.314961,
        0.865755 -0.195368 0.314961,
      ]
    }
    coordIndex [
      8, 9, 6, -1,
      6, 9, 7, -1,
      9, 10, 7, -1,
      7, 10, 0, -1,
      10, 11, 0, -1,
      0, 11, 1, -1,
      11, 12, 1, -1,
      1, 12, 2, -1,
      12, 13, 2, -1,
      2, 13, 4, -1,
      13, 14, 4, -1,
      4, 14, 3, -1,
      14, 15, 3, -1,
      3, 15, 5, -1,
      15, 8, 5, -1,
      5, 8, 6, -1,
      16, 17, 15, -1,
      14, 13, 12, -1,
      17, 18, 15, -1,
      15, 18, 19, -1,
      15, 19, 8, -1,
      8, 19, 20, -1,
      8, 20, 21, -1,
      15, 14, 16, -1,
      16, 14, 12, -1,
      16, 12, 22, -1,
      22, 12, 11, -1,
      21, 23, 8, -1,
      8, 23, 22, -1,
      8, 22, 9, -1,
      9, 22, 11, -1,
      9, 11, 10, -1,
      16, 22, 24, -1,
      24, 22, 25, -1,
      17, 16, 26, -1,
      26, 16, 24, -1,
      17, 26, 27, -1,
      17, 27, 18, -1,
      18, 27, 28, -1,
      18, 28, 19, -1,
      20, 19, 29, -1,
      29, 19, 28, -1,
      20, 29, 30, -1,
      20, 30, 21, -1,
      21, 30, 31, -1,
      21, 31, 23, -1,
      22, 23, 25, -1,
      25, 23, 31, -1,
    ]
  }
}

Shape {
  appearance Appearance {
    material Material {
      diffuseColor 0.4980 0.4980 0.4980
      specularColor 0.1490 0.1490 0.1490
      ambientIntensity 0.2
      transparency 0.0000
      shininess 0.5
    }
  }
  geometry IndexedFaceSet {
    ccw TRUE
    solid FALSE
    coord DEF co Coordinate {
      point [
        0.768023 0.026629 0.314961,
        0.945763 0.026629 0.314961,
        0.847322 -0.195368 0.314961,
        0.852437 -0.213801 0.314961,
        0.855830 -0.232637 0.314961,
        0.857551 -0.232637 0.314961,
        0.861020 -0.213858 0.314961,
        0.865755 -0.195368 0.314961,
      ]
    }
    coordIndex [
      0, 1, 2, -1,
      2, 1, 7, -1,
      2, 7, 3, -1,
      3, 7, 6, -1,
      3, 6, 4, -1,
      4, 6, 5, -1,
    ]
  }
}

Shape {
  appearance Appearance {
    material Material {
      diffuseColor 0.4510 0.4314 0.4196
      specularColor 0.0314 0.0314 0.0314
      ambientIntensity 0.2
      transparency 0.0000
      shininess 0.5
    }
  }
  geometry IndexedFaceSet {
    ccw TRUE
    solid FALSE
    coord DEF co Coordinate {
      point [
        -1.283550 -0.258868 3.740157,
        -1.283550 -0.113841 3.740157,
        -1.289970 -0.262186 3.740157,
        -1.400220 -0.113841 3.740157,
        -1.333040 -0.277154 3.740157,
        -1.212252 -0.055506 3.740157,
        -1.212252 -0.296037 3.740157,
        -1.225215 0.176213 3.740157,
        -1.474917 -0.263488 3.740157,
        -1.437984 -0.276659 3.740157,
        -1.385636 -0.282364 3.740157,
        -1.560626 0.018724 3.740157,
        -1.572372 -0.029167 3.740157,
        -1.400220 -0.055506 3.740157,
        -1.575224 -0.070900 3.740157,
        -1.570034 -0.129997 3.740157,
        -1.556331 -0.176211 3.740157,
        -1.348053 0.144335 3.740157,
        -1.282976 0.131824 3.740157,
        -1.225215 0.104915 3.740157,
        -1.617257 0.058137 3.740157,
        -1.580212 0.113167 3.740157,
        -1.560974 -0.282973 3.740157,
        -1.600157 -0.239664 3.740157,
        -1.535591 -0.212676 3.740157,
        -1.506609 -0.243210 3.740157,
        -1.422235 -0.337458 3.740157,
        -1.458566 -0.333651 3.740157,
        -1.511596 -0.315353 3.740157,
        -1.376622 0.145425 3.740157,
        -1.428586 0.139344 3.740157,
        -1.468830 0.124285 3.740157,
        -1.533492 0.155504 3.740157,
        -1.481106 0.183884 3.740157,
        -1.420898 0.200110 3.740157,
        -1.627565 -0.187852 3.740157,
        -1.642554 -0.130328 3.740157,
        -1.505628 0.099073 3.740157,
        -1.538312 0.062174 3.740157,
        -1.370343 0.203760 3.740157,
        -1.296241 0.197788 3.740157,
        -1.646523 -0.075457 3.740157,
        -1.638385 -0.001077 3.740157,
        -1.298815 -0.330100 3.740157,
        -1.363028 -0.337458 3.740157,
        -1.391307 -0.340699 3.740157,
        -0.810389 0.182695 3.740157,
        -0.810389 0.124360 3.740157,
        -0.973695 -0.337458 3.740157,
        -0.993119 -0.335054 3.740157,
        -1.024675 -0.322660 3.740157,
        -0.990817 0.182700 3.740157,
        -0.946752 0.198723 3.740157,
        -0.891018 -0.001403 3.740157,
        -0.859361 -0.012399 3.740157,
        -0.830115 -0.031993 3.740157,
        -0.807209 -0.057669 3.740157,
        -0.853580 0.199514 3.740157,
        -0.823101 0.189717 3.740157,
        -1.053579 -0.302125 3.740157,
        -1.077219 -0.275249 3.740157,
        -1.099956 -0.232777 3.740157,
        -0.899917 0.203760 3.740157,
        -0.783030 -0.210108 3.740157,
        -0.796536 -0.248680 3.740157,
        -0.817787 -0.281555 3.740157,
        -0.845019 -0.307914 3.740157,
        -1.092669 0.064717 3.740157,
        -1.061638 0.120136 3.740157,
        -1.027294 0.157866 3.740157,
        -1.054362 -0.072926 3.740157,
        -1.052641 -0.072926 3.740157,
        -1.050270 -0.016431 3.740157,
        -1.033193 -0.042772 3.740157,
        -1.034179 0.044723 3.740157,
        -1.011722 -0.022011 3.740157,
        -1.012810 0.084531 3.740157,
        -0.986328 -0.007432 3.740157,
        -0.986987 0.113512 3.740157,
        -0.958531 0.000530 3.740157,
        -0.960726 0.131341 3.740157,
        -0.930907 0.002829 3.740157,
        -0.853254 0.140093 3.740157,
        -0.898600 0.145425 3.740157,
        -0.932856 0.141557 3.740157,
        -0.790249 -0.089720 3.740157,
        -0.779746 -0.132449 3.740157,
        -0.777980 -0.162048 3.740157,
        -1.117185 -0.165392 3.740157,
        -1.121508 -0.099966 3.740157,
        -1.114036 -0.009582 3.740157,
        -0.875609 -0.326259 3.740157,
        -0.911688 -0.337458 3.740157,
        -0.911927 -0.337533 3.740157,
        -0.947516 -0.340699 3.740157,
        -1.212252 -0.055506 3.736220,
        -1.212252 -0.296037 3.736220,
        -1.298815 -0.330100 3.736220,
        -1.391307 -0.340699 3.736220,
        -1.458566 -0.333651 3.736220,
        -1.511596 -0.315353 3.736220,
        -1.560974 -0.282973 3.736220,
        -1.600157 -0.239664 3.736220,
        -1.627565 -0.187852 3.736220,
        -1.642554 -0.130328 3.736220,
        -1.646523 -0.075457 3.736220,
        -1.370343 0.203760 3.736220,
        -1.420898 0.200110 3.736220,
        -1.481106 0.183884 3.736220,
        -1.533492 0.155504 3.736220,
        -1.580212 0.113167 3.736220,
        -1.617257 0.058137 3.736220,
        -1.638385 -0.001077 3.736220,
        -1.225215 0.176213 3.736220,
        -1.296241 0.197788 3.736220,
        -1.225215 0.104915 3.736220,
        -1.376622 0.145425 3.736220,
        -1.348053 0.144335 3.736220,
        -1.282976 0.131824 3.736220,
        -1.575224 -0.070900 3.736220,
        -1.572372 -0.029167 3.736220,
        -1.560626 0.018724 3.736220,
        -1.538312 0.062174 3.736220,
        -1.505628 0.099073 3.736220,
        -1.468830 0.124285 3.736220,
        -1.428586 0.139344 3.736220,
        -1.385636 -0.282364 3.736220,
        -1.437984 -0.276659 3.736220,
        -1.474917 -0.263488 3.736220,
        -1.506609 -0.243210 3.736220,
        -1.535591 -0.212676 3.736220,
        -1.556331 -0.176211 3.736220,
        -1.570034 -0.129997 3.736220,
        -1.283550 -0.258868 3.736220,
        -1.289970 -0.262186 3.736220,
        -1.333040 -0.277154 3.736220,
        -1.283550 -0.113841 3.736220,
        -1.400220 -0.113841 3.736220,
        -1.400220 -0.055506 3.736220,
        -0.810389 0.182695 3.736220,
        -0.810389 0.124360 3.736220,
        -0.898600 0.145425 3.736220,
        -0.853254 0.140093 3.736220,
        -1.054362 -0.072926 3.736220,
        -1.050270 -0.016431 3.736220,
        -1.034179 0.044723 3.736220,
        -1.012810 0.084531 3.736220,
        -0.986987 0.113512 3.736220,
        -0.960726 0.131341 3.736220,
        -0.932856 0.141557 3.736220,
        -1.052641 -0.072926 3.736220,
        -0.930907 0.002829 3.736220,
        -0.958531 0.000530 3.736220,
        -0.986328 -0.007432 3.736220,
        -1.011722 -0.022011 3.736220,
        -1.033193 -0.042772 3.736220,
        -0.777980 -0.162048 3.736220,
        -0.779746 -0.132449 3.736220,
        -0.790249 -0.089720 3.736220,
        -0.807209 -0.057669 3.736220,
        -0.830115 -0.031993 3.736220,
        -0.859361 -0.012399 3.736220,
        -0.891018 -0.001403 3.736220,
        -0.947516 -0.340699 3.736220,
        -0.911927 -0.337533 3.736220,
        -0.875609 -0.326259 3.736220,
        -0.845019 -0.307914 3.736220,
        -0.817787 -0.281555 3.736220,
        -0.796536 -0.248680 3.736220,
        -0.783030 -0.210108 3.736220,
        -0.993119 -0.335054 3.736220,
        -1.024675 -0.322660 3.736220,
        -1.053579 -0.302125 3.736220,
        -1.077219 -0.275249 3.736220,
        -1.099956 -0.232777 3.736220,
        -1.117185 -0.165392 3.736220,
        -1.121508 -0.099966 3.736220,
        -0.899917 0.203760 3.736220,
        -0.946752 0.198723 3.736220,
        -0.990817 0.182700 3.736220,
        -1.027294 0.157866 3.736220,
        -1.061638 0.120136 3.736220,
        -1.092669 0.064717 3.736220,
        -1.114036 -0.009582 3.736220,
        -0.823101 0.189717 3.736220,
        -0.853580 0.199514 3.736220,
        -1.049627 -0.145284 3.736220,
        -1.044109 -0.121190 3.736220,
        -1.003218 -0.264912 3.736220,
        -1.018552 -0.250302 3.736220,
        -1.035596 -0.224196 3.736220,
        -1.046269 -0.194012 3.736220,
        -1.050210 -0.157491 3.736220,
        -1.032181 -0.098202 3.736220,
        -1.014804 -0.078645 3.736220,
        -0.995644 -0.065780 3.736220,
        -0.975175 -0.058443 3.736220,
        -0.948731 -0.055506 3.736220,
        -0.932038 -0.056486 3.736220,
        -0.910952 -0.061339 3.736220,
        -0.893674 -0.069564 3.736220,
        -0.879253 -0.081137 3.736220,
        -0.870841 -0.090966 3.736220,
        -0.859591 -0.110870 3.736220,
        -0.852083 -0.136456 3.736220,
        -0.849278 -0.169239 3.736220,
        -0.851622 -0.196815 3.736220,
        -0.858807 -0.221594 3.736220,
        -0.870502 -0.242926 3.736220,
        -0.886559 -0.260599 3.736220,
        -0.903809 -0.272346 3.736220,
        -0.922415 -0.279282 3.736220,
        -0.948022 -0.282364 3.736220,
        -0.966817 -0.280679 3.736220,
        -0.986305 -0.274749 3.736220,
        -1.050210 -0.157491 3.740157,
        -1.049627 -0.145284 3.740157,
        -1.044109 -0.121190 3.740157,
        -1.032181 -0.098202 3.740157,
        -1.014804 -0.078645 3.740157,
        -0.995644 -0.065780 3.740157,
        -0.975175 -0.058443 3.740157,
        -0.948731 -0.055506 3.740157,
        -0.932038 -0.056486 3.740157,
        -0.910952 -0.061339 3.740157,
        -0.893674 -0.069564 3.740157,
        -0.879253 -0.081137 3.740157,
        -0.870841 -0.090966 3.740157,
        -0.859591 -0.110870 3.740157,
        -0.852083 -0.136456 3.740157,
        -0.849278 -0.169239 3.740157,
        -0.851622 -0.196815 3.740157,
        -0.858807 -0.221594 3.740157,
        -0.870502 -0.242926 3.740157,
        -0.886559 -0.260599 3.740157,
        -0.903809 -0.272346 3.740157,
        -0.922415 -0.279282 3.740157,
        -0.948022 -0.282364 3.740157,
        -0.966817 -0.280679 3.740157,
        -0.986305 -0.274749 3.740157,
        -1.003218 -0.264912 3.740157,
        -1.018552 -0.250302 3.740157,
        -1.035596 -0.224196 3.740157,
        -1.046269 -0.194012 3.740157,
      ]
    }
    coordIndex [
      95, 96, 5, -1,
      5, 96, 6, -1,
      6, 96, 97, -1,
      98, 45, 44, -1,
      98, 44, 97, -1,
      97, 44, 43, -1,
      97, 43, 6, -1,
      45, 98, 26, -1,
      26, 98, 99, -1,
      26, 99, 27, -1,
      27, 99, 100, -1,
      27, 100, 28, -1,
      28, 100, 101, -1,
      28, 101, 22, -1,
      22, 101, 102, -1,
      22, 102, 23, -1,
      23, 102, 103, -1,
      23, 103, 35, -1,
      35, 103, 104, -1,
      35, 104, 36, -1,
      36, 104, 105, -1,
      36, 105, 41, -1,
      106, 39, 34, -1,
      106, 34, 107, -1,
      107, 34, 33, -1,
      107, 33, 108, -1,
      108, 33, 32, -1,
      108, 32, 109, -1,
      109, 32, 21, -1,
      109, 21, 110, -1,
      110, 21, 20, -1,
      110, 20, 111, -1,
      111, 20, 42, -1,
      111, 42, 112, -1,
      112, 42, 41, -1,
      112, 41, 105, -1,
      113, 7, 40, -1,
      113, 40, 114, -1,
      114, 40, 39, -1,
      114, 39, 106, -1,
      113, 115, 7, -1,
      7, 115, 19, -1,
      116, 29, 17, -1,
      116, 17, 117, -1,
      117, 17, 18, -1,
      117, 18, 118, -1,
      118, 18, 19, -1,
      118, 19, 115, -1,
      119, 14, 12, -1,
      119, 12, 120, -1,
      120, 12, 11, -1,
      120, 11, 121, -1,
      121, 11, 38, -1,
      121, 38, 122, -1,
      122, 38, 37, -1,
      122, 37, 123, -1,
      123, 37, 31, -1,
      123, 31, 124, -1,
      124, 31, 30, -1,
      124, 30, 125, -1,
      125, 30, 29, -1,
      125, 29, 116, -1,
      126, 10, 9, -1,
      126, 9, 127, -1,
      127, 9, 8, -1,
      127, 8, 128, -1,
      128, 8, 25, -1,
      128, 25, 129, -1,
      129, 25, 24, -1,
      129, 24, 130, -1,
      130, 24, 16, -1,
      130, 16, 131, -1,
      131, 16, 15, -1,
      131, 15, 132, -1,
      132, 15, 14, -1,
      132, 14, 119, -1,
      133, 0, 2, -1,
      133, 2, 134, -1,
      134, 2, 4, -1,
      134, 4, 135, -1,
      135, 4, 10, -1,
      135, 10, 126, -1,
      133, 136, 0, -1,
      0, 136, 1, -1,
      136, 137, 1, -1,
      1, 137, 3, -1,
      137, 138, 3, -1,
      3, 138, 13, -1,
      138, 95, 13, -1,
      13, 95, 5, -1,
      138, 137, 95, -1,
      95, 137, 136, -1,
      95, 136, 96, -1,
      96, 136, 133, -1,
      96, 133, 97, -1,
      115, 113, 118, -1,
      118, 113, 114, -1,
      118, 114, 117, -1,
      117, 114, 106, -1,
      133, 134, 97, -1,
      97, 134, 135, -1,
      97, 135, 98, -1,
      98, 135, 126, -1,
      98, 126, 99, -1,
      99, 126, 127, -1,
      99, 127, 100, -1,
      100, 127, 128, -1,
      100, 128, 101, -1,
      101, 128, 129, -1,
      101, 129, 102, -1,
      102, 129, 130, -1,
      102, 130, 103, -1,
      103, 130, 131, -1,
      103, 131, 104, -1,
      104, 131, 132, -1,
      104, 132, 105, -1,
      105, 132, 119, -1,
      105, 119, 112, -1,
      112, 119, 120, -1,
      112, 120, 111, -1,
      111, 120, 121, -1,
      111, 121, 110, -1,
      110, 121, 122, -1,
      110, 122, 109, -1,
      109, 122, 123, -1,
      109, 123, 108, -1,
      108, 123, 124, -1,
      108, 124, 107, -1,
      107, 124, 125, -1,
      107, 125, 106, -1,
      106, 125, 116, -1,
      106, 116, 117, -1,
      139, 140, 46, -1,
      46, 140, 47, -1,
      141, 83, 82, -1,
      141, 82, 142, -1,
      142, 82, 47, -1,
      142, 47, 140, -1,
      143, 70, 72, -1,
      143, 72, 144, -1,
      144, 72, 74, -1,
      144, 74, 145, -1,
      145, 74, 76, -1,
      145, 76, 146, -1,
      146, 76, 78, -1,
      146, 78, 147, -1,
      147, 78, 80, -1,
      147, 80, 148, -1,
      148, 80, 84, -1,
      148, 84, 149, -1,
      149, 84, 83, -1,
      149, 83, 141, -1,
      143, 150, 70, -1,
      70, 150, 71, -1,
      151, 81, 79, -1,
      151, 79, 152, -1,
      152, 79, 77, -1,
      152, 77, 153, -1,
      153, 77, 75, -1,
      153, 75, 154, -1,
      154, 75, 73, -1,
      154, 73, 155, -1,
      155, 73, 71, -1,
      155, 71, 150, -1,
      156, 87, 86, -1,
      156, 86, 157, -1,
      157, 86, 85, -1,
      157, 85, 158, -1,
      158, 85, 56, -1,
      158, 56, 159, -1,
      159, 56, 55, -1,
      159, 55, 160, -1,
      160, 55, 54, -1,
      160, 54, 161, -1,
      161, 54, 53, -1,
      161, 53, 162, -1,
      162, 53, 81, -1,
      162, 81, 151, -1,
      163, 94, 93, -1,
      163, 93, 164, -1,
      164, 93, 92, -1,
      164, 92, 165, -1,
      92, 91, 165, -1,
      165, 91, 66, -1,
      165, 66, 166, -1,
      166, 66, 65, -1,
      166, 65, 167, -1,
      167, 65, 64, -1,
      167, 64, 168, -1,
      168, 64, 63, -1,
      168, 63, 169, -1,
      169, 63, 87, -1,
      169, 87, 156, -1,
      94, 163, 48, -1,
      48, 163, 170, -1,
      48, 170, 49, -1,
      49, 170, 171, -1,
      49, 171, 50, -1,
      50, 171, 172, -1,
      50, 172, 59, -1,
      59, 172, 173, -1,
      59, 173, 60, -1,
      60, 173, 174, -1,
      60, 174, 61, -1,
      61, 174, 175, -1,
      61, 175, 88, -1,
      88, 175, 176, -1,
      88, 176, 89, -1,
      177, 62, 52, -1,
      177, 52, 178, -1,
      178, 52, 51, -1,
      178, 51, 179, -1,
      179, 51, 69, -1,
      179, 69, 180, -1,
      180, 69, 68, -1,
      180, 68, 181, -1,
      181, 68, 67, -1,
      181, 67, 182, -1,
      182, 67, 90, -1,
      182, 90, 183, -1,
      183, 90, 89, -1,
      183, 89, 176, -1,
      139, 46, 58, -1,
      139, 58, 184, -1,
      184, 58, 57, -1,
      184, 57, 185, -1,
      185, 57, 62, -1,
      185, 62, 177, -1,
      186, 187, 175, -1,
      176, 143, 144, -1,
      140, 139, 184, -1,
      140, 184, 142, -1,
      142, 184, 185, -1,
      142, 185, 141, -1,
      141, 185, 177, -1,
      141, 177, 149, -1,
      149, 177, 178, -1,
      149, 178, 148, -1,
      148, 178, 179, -1,
      148, 179, 147, -1,
      147, 179, 180, -1,
      147, 180, 146, -1,
      146, 180, 181, -1,
      146, 181, 145, -1,
      145, 181, 182, -1,
      145, 182, 144, -1,
      144, 182, 183, -1,
      144, 183, 176, -1,
      171, 188, 172, -1,
      172, 188, 189, -1,
      172, 189, 173, -1,
      173, 189, 190, -1,
      173, 190, 174, -1,
      174, 190, 191, -1,
      174, 191, 175, -1,
      175, 191, 192, -1,
      175, 192, 186, -1,
      176, 175, 143, -1,
      143, 175, 187, -1,
      143, 187, 150, -1,
      150, 187, 193, -1,
      150, 193, 155, -1,
      155, 193, 194, -1,
      155, 194, 154, -1,
      154, 194, 195, -1,
      154, 195, 153, -1,
      153, 195, 196, -1,
      153, 196, 152, -1,
      152, 196, 197, -1,
      152, 197, 151, -1,
      151, 197, 198, -1,
      151, 198, 162, -1,
      162, 198, 199, -1,
      162, 199, 161, -1,
      161, 199, 200, -1,
      161, 200, 160, -1,
      160, 200, 201, -1,
      160, 201, 159, -1,
      159, 201, 202, -1,
      159, 202, 158, -1,
      158, 202, 203, -1,
      158, 203, 157, -1,
      157, 203, 204, -1,
      157, 204, 156, -1,
      156, 204, 205, -1,
      156, 205, 169, -1,
      169, 205, 206, -1,
      169, 206, 168, -1,
      168, 206, 207, -1,
      168, 207, 167, -1,
      167, 207, 208, -1,
      167, 208, 166, -1,
      166, 208, 209, -1,
      166, 209, 165, -1,
      165, 209, 210, -1,
      165, 210, 164, -1,
      164, 210, 211, -1,
      164, 211, 163, -1,
      163, 211, 212, -1,
      163, 212, 170, -1,
      170, 212, 213, -1,
      170, 213, 171, -1,
      171, 213, 214, -1,
      171, 214, 188, -1,
      192, 215, 216, -1,
      192, 216, 186, -1,
      186, 216, 217, -1,
      186, 217, 187, -1,
      187, 217, 218, -1,
      187, 218, 193, -1,
      193, 218, 219, -1,
      193, 219, 194, -1,
      194, 219, 220, -1,
      194, 220, 195, -1,
      195, 220, 221, -1,
      195, 221, 196, -1,
      196, 221, 222, -1,
      196, 222, 197, -1,
      197, 222, 223, -1,
      197, 223, 198, -1,
      198, 223, 224, -1,
      198, 224, 199, -1,
      199, 224, 225, -1,
      199, 225, 200, -1,
      200, 225, 226, -1,
      200, 226, 201, -1,
      201, 226, 227, -1,
      201, 227, 202, -1,
      202, 227, 228, -1,
      202, 228, 203, -1,
      203, 228, 229, -1,
      203, 229, 204, -1,
      204, 229, 230, -1,
      204, 230, 205, -1,
      205, 230, 231, -1,
      205, 231, 206, -1,
      206, 231, 232, -1,
      206, 232, 207, -1,
      207, 232, 233, -1,
      207, 233, 208, -1,
      208, 233, 234, -1,
      208, 234, 209, -1,
      209, 234, 235, -1,
      209, 235, 210, -1,
      210, 235, 236, -1,
      210, 236, 211, -1,
      211, 236, 237, -1,
      211, 237, 212, -1,
      212, 237, 238, -1,
      212, 238, 213, -1,
      213, 238, 239, -1,
      213, 239, 214, -1,
      214, 239, 240, -1,
      214, 240, 188, -1,
      188, 240, 241, -1,
      188, 241, 189, -1,
      189, 241, 242, -1,
      189, 242, 190, -1,
      190, 242, 243, -1,
      190, 243, 191, -1,
      191, 243, 215, -1,
      191, 215, 192, -1,
    ]
  }
}

Shape {
  appearance Appearance {
    material Material {
      diffuseColor 0.8431 0.8157 0.7529
      specularColor 0.2510 0.2431 0.2275
      ambientIntensity 0.2
      transparency 0.0000
      shininess 0.5
    }
  }
  geometry IndexedFaceSet {
    ccw TRUE
    solid FALSE
    coord DEF co Coordinate {
      point [
        -1.050210 -0.157491 3.740157,
        -1.049627 -0.145284 3.740157,
        -1.044109 -0.121190 3.740157,
        -1.032181 -0.098202 3.740157,
        -1.014804 -0.078645 3.740157,
        -0.995644 -0.065780 3.740157,
        -0.975175 -0.058443 3.740157,
        -0.948731 -0.055506 3.740157,
        -0.932038 -0.056486 3.740157,
        -0.910952 -0.061339 3.740157,
        -0.893674 -0.069564 3.740157,
        -0.879253 -0.081137 3.740157,
        -0.870841 -0.090966 3.740157,
        -0.859591 -0.110870 3.740157,
        -0.852083 -0.136456 3.740157,
        -0.849278 -0.169239 3.740157,
        -0.851622 -0.196815 3.740157,
        -0.858807 -0.221594 3.740157,
        -0.870502 -0.242926 3.740157,
        -0.886559 -0.260599 3.740157,
        -0.903809 -0.272346 3.740157,
        -0.922415 -0.279282 3.740157,
        -0.948022 -0.282364 3.740157,
        -0.966817 -0.280679 3.740157,
        -0.986305 -0.274749 3.740157,
        -1.003218 -0.264912 3.740157,
        -1.018552 -0.250302 3.740157,
        -1.035596 -0.224196 3.740157,
        -1.046269 -0.194012 3.740157,
      ]
    }
    coordIndex [
      15, 14, 0, -1,
      0, 14, 13, -1,
      0, 13, 12, -1,
      12, 11, 0, -1,
      0, 11, 10, -1,
      0, 10, 9, -1,
      27, 26, 16, -1,
      17, 16, 22, -1,
      22, 16, 23, -1,
      9, 8, 0, -1,
      0, 8, 7, -1,
      0, 7, 1, -1,
      1, 7, 6, -1,
      1, 6, 5, -1,
      15, 0, 16, -1,
      16, 0, 28, -1,
      16, 28, 27, -1,
      26, 25, 16, -1,
      16, 25, 24, -1,
      16, 24, 23, -1,
      21, 20, 19, -1,
      5, 4, 1, -1,
      1, 4, 3, -1,
      1, 3, 2, -1,
      21, 19, 22, -1,
      22, 19, 18, -1,
      22, 18, 17, -1,
    ]
  }
}

Shape {
  appearance Appearance {
    material Material {
      diffuseColor 0.4510 0.4314 0.4196
      specularColor 0.0314 0.0314 0.0314
      ambientIntensity 0.2
      transparency 0.0000
      shininess 0.5
    }
  }
  geometry IndexedFaceSet {
    ccw TRUE
    solid FALSE
    coord DEF co Coordinate {
      point [
        -0.572896 -0.340699 3.740157,
        -0.604348 -0.337458 3.740157,
        -0.689647 -0.321295 3.740157,
        -0.706682 -0.313152 3.740157,
        -0.402044 0.189176 3.740157,
        -0.402044 0.111396 3.740157,
        -0.706682 -0.235372 3.740157,
        -0.641301 -0.333650 3.740157,
        -0.447165 -0.083217 3.740157,
        -0.414589 -0.112782 3.740157,
        -0.650106 -0.046075 3.740157,
        -0.679923 -0.018295 3.740157,
        -0.695003 0.006295 3.740157,
        -0.386783 -0.234534 3.740157,
        -0.396639 -0.261463 3.740157,
        -0.413809 -0.286385 3.740157,
        -0.436037 -0.305791 3.740157,
        -0.466074 -0.322227 3.740157,
        -0.517949 -0.336691 3.740157,
        -0.528465 -0.337458 3.740157,
        -0.396579 -0.139283 3.740157,
        -0.386421 -0.165769 3.740157,
        -0.382599 -0.197191 3.740157,
        -0.704097 0.034409 3.740157,
        -0.706682 0.061164 3.740157,
        -0.701919 0.097893 3.740157,
        -0.691532 0.123328 3.740157,
        -0.522461 -0.039707 3.740157,
        -0.442228 0.132261 3.740157,
        -0.571863 -0.013529 3.740157,
        -0.487663 0.143120 3.740157,
        -0.524385 0.145425 3.740157,
        -0.576745 -0.089636 3.740157,
        -0.667828 -0.259248 3.740157,
        -0.504510 -0.127973 3.740157,
        -0.604914 -0.278588 3.740157,
        -0.497107 -0.132693 3.740157,
        -0.564997 -0.282364 3.740157,
        -0.526404 -0.279391 3.740157,
        -0.674827 0.146405 3.740157,
        -0.652004 0.166208 3.740157,
        -0.622117 0.183380 3.740157,
        -0.577469 0.198030 3.740157,
        -0.518714 0.203760 3.740157,
        -0.459709 0.201238 3.740157,
        -0.499431 -0.272097 3.740157,
        -0.480368 -0.261574 3.740157,
        -0.469301 -0.251144 3.740157,
        -0.627456 0.033215 3.740157,
        -0.633050 0.047871 3.740157,
        -0.635384 0.068152 3.740157,
        -0.618469 0.020032 3.740157,
        -0.602169 0.005739 3.740157,
        -0.462264 -0.240606 3.740157,
        -0.456145 -0.224030 3.740157,
        -0.453897 -0.203065 3.740157,
        -0.456209 -0.184205 3.740157,
        -0.462230 -0.169083 3.740157,
        -0.475231 -0.151257 3.740157,
        -0.621270 0.109988 3.740157,
        -0.629017 0.097930 3.740157,
        -0.633717 0.084257 3.740157,
        -0.561593 0.142053 3.740157,
        -0.589810 0.133028 3.740157,
        -0.609159 0.121627 3.740157,
        0.738728 0.197278 3.740157,
        1.139978 -0.188546 3.740157,
        1.109498 -0.236085 3.740157,
        1.065750 -0.277972 3.740157,
        1.010255 -0.310223 3.740157,
        0.965504 0.189070 3.740157,
        1.027674 0.167242 3.740157,
        1.085527 0.128476 3.740157,
        0.888718 0.197278 3.740157,
        1.086130 0.127946 3.740157,
        1.123703 0.086269 3.740157,
        1.148395 0.040555 3.740157,
        0.949012 -0.328477 3.740157,
        0.883249 -0.334218 3.740157,
        0.738728 -0.334218 3.740157,
        1.162661 -0.011813 3.740157,
        1.166518 -0.061785 3.740157,
        1.159059 -0.132915 3.740157,
        0.414645 -0.100878 3.740157,
        0.615576 -0.100878 3.740157,
        0.615576 -0.152731 3.740157,
        0.414645 -0.152731 3.740157,
        0.310939 0.061366 3.740157,
        0.305709 0.012517 3.740157,
        0.323902 -0.275883 3.740157,
        -0.006663 -0.307886 3.740157,
        -0.002093 -0.257752 3.740157,
        0.195458 0.199509 3.740157,
        0.231247 0.188086 3.740157,
        0.263441 0.168111 3.740157,
        0.049069 0.176268 3.740157,
        0.012782 0.145830 3.740157,
        0.012782 0.080811 3.740157,
        0.011083 -0.218508 3.740157,
        0.032627 -0.184960 3.740157,
        0.076161 -0.141605 3.740157,
        0.290838 -0.028098 3.740157,
        0.269472 -0.060159 3.740157,
        0.218750 -0.108308 3.740157,
        0.131882 -0.099467 3.740157,
        0.137656 -0.095409 3.740157,
        0.030797 0.098103 3.740157,
        0.085033 0.193839 3.740157,
        0.126975 0.202701 3.740157,
        0.150315 0.203760 3.740157,
        0.284912 0.146029 3.740157,
        0.299354 0.121368 3.740157,
        0.308090 0.093063 3.740157,
        0.323902 -0.334218 3.740157,
        -0.006663 -0.334218 3.740157,
        0.192142 -0.127817 3.740157,
        0.109183 -0.188542 3.740157,
        0.083572 -0.213836 3.740157,
        0.232339 -0.003580 3.740157,
        0.242778 0.025452 3.740157,
        0.067573 0.124006 3.740157,
        0.071857 -0.231872 3.740157,
        0.065435 -0.250865 3.740157,
        0.063015 -0.275883 3.740157,
        0.212132 -0.032778 3.740157,
        0.246122 0.056201 3.740157,
        0.243738 0.079233 3.740157,
        0.237666 0.096863 3.740157,
        0.199526 0.134147 3.740157,
        0.174531 0.142512 3.740157,
        0.143833 0.145425 3.740157,
        0.103971 0.139537 3.740157,
        0.228265 0.111743 3.740157,
        0.215958 0.123784 3.740157,
        -0.298337 -0.100878 3.740157,
        -0.097406 -0.100878 3.740157,
        -0.097406 -0.152731 3.740157,
        -0.298337 -0.152731 3.740157,
        -0.706682 -0.313152 3.736220,
        -0.706682 -0.235372 3.736220,
        -0.564997 -0.282364 3.736220,
        -0.604914 -0.278588 3.736220,
        -0.667828 -0.259248 3.736220,
        -0.453897 -0.203065 3.736220,
        -0.456145 -0.224030 3.736220,
        -0.462264 -0.240606 3.736220,
        -0.469301 -0.251144 3.736220,
        -0.480368 -0.261574 3.736220,
        -0.499431 -0.272097 3.736220,
        -0.526404 -0.279391 3.736220,
        -0.576745 -0.089636 3.736220,
        -0.504510 -0.127973 3.736220,
        -0.497107 -0.132693 3.736220,
        -0.475231 -0.151257 3.736220,
        -0.462230 -0.169083 3.736220,
        -0.456209 -0.184205 3.736220,
        -0.706682 0.061164 3.736220,
        -0.704097 0.034409 3.736220,
        -0.695003 0.006295 3.736220,
        -0.679923 -0.018295 3.736220,
        -0.650106 -0.046075 3.736220,
        -0.518714 0.203760 3.736220,
        -0.577469 0.198030 3.736220,
        -0.622117 0.183380 3.736220,
        -0.652004 0.166208 3.736220,
        -0.674827 0.146405 3.736220,
        -0.691532 0.123328 3.736220,
        -0.701919 0.097893 3.736220,
        -0.402044 0.189176 3.736220,
        -0.459709 0.201238 3.736220,
        -0.402044 0.111396 3.736220,
        -0.524385 0.145425 3.736220,
        -0.487663 0.143120 3.736220,
        -0.442228 0.132261 3.736220,
        -0.635384 0.068152 3.736220,
        -0.633717 0.084257 3.736220,
        -0.629017 0.097930 3.736220,
        -0.621270 0.109988 3.736220,
        -0.609159 0.121627 3.736220,
        -0.589810 0.133028 3.736220,
        -0.561593 0.142053 3.736220,
        -0.522461 -0.039707 3.736220,
        -0.571863 -0.013529 3.736220,
        -0.602169 0.005739 3.736220,
        -0.618469 0.020032 3.736220,
        -0.627456 0.033215 3.736220,
        -0.633050 0.047871 3.736220,
        -0.382599 -0.197191 3.736220,
        -0.386421 -0.165769 3.736220,
        -0.396579 -0.139283 3.736220,
        -0.414589 -0.112782 3.736220,
        -0.447165 -0.083217 3.736220,
        -0.572896 -0.340699 3.736220,
        -0.517949 -0.336691 3.736220,
        -0.466074 -0.322227 3.736220,
        -0.436037 -0.305791 3.736220,
        -0.413809 -0.286385 3.736220,
        -0.396639 -0.261463 3.736220,
        -0.386783 -0.234534 3.736220,
        -0.641301 -0.333650 3.736220,
        -0.689647 -0.321295 3.736220,
        -0.097406 -0.100878 3.736220,
        -0.097406 -0.152731 3.736220,
        -0.298337 -0.152731 3.736220,
        -0.298337 -0.100878 3.736220,
        0.246122 0.056201 3.736220,
        0.242778 0.025452 3.736220,
        0.232339 -0.003580 3.736220,
        0.212132 -0.032778 3.736220,
        0.137656 -0.095409 3.736220,
        0.143833 0.145425 3.736220,
        0.174531 0.142512 3.736220,
        0.199526 0.134147 3.736220,
        0.215958 0.123784 3.736220,
        0.228265 0.111743 3.736220,
        0.237666 0.096863 3.736220,
        0.243738 0.079233 3.736220,
        0.012782 0.080811 3.736220,
        0.030797 0.098103 3.736220,
        0.067573 0.124006 3.736220,
        0.103971 0.139537 3.736220,
        0.012782 0.145830 3.736220,
        0.150315 0.203760 3.736220,
        0.126975 0.202701 3.736220,
        0.085033 0.193839 3.736220,
        0.049069 0.176268 3.736220,
        0.310939 0.061366 3.736220,
        0.308090 0.093063 3.736220,
        0.299354 0.121368 3.736220,
        0.284912 0.146029 3.736220,
        0.263441 0.168111 3.736220,
        0.231247 0.188086 3.736220,
        0.195458 0.199509 3.736220,
        0.192142 -0.127817 3.736220,
        0.218750 -0.108308 3.736220,
        0.269472 -0.060159 3.736220,
        0.290838 -0.028098 3.736220,
        0.305709 0.012517 3.736220,
        0.063015 -0.275883 3.736220,
        0.065435 -0.250865 3.736220,
        0.071857 -0.231872 3.736220,
        0.083572 -0.213836 3.736220,
        0.109183 -0.188542 3.736220,
        0.323902 -0.275883 3.736220,
        0.323902 -0.334218 3.736220,
        -0.006663 -0.334218 3.736220,
        -0.006663 -0.307886 3.736220,
        0.131882 -0.099467 3.736220,
        0.076161 -0.141605 3.736220,
        0.032627 -0.184960 3.736220,
        0.011083 -0.218508 3.736220,
        -0.002093 -0.257752 3.736220,
        0.615576 -0.100878 3.736220,
        0.615576 -0.152731 3.736220,
        0.414645 -0.152731 3.736220,
        0.414645 -0.100878 3.736220,
        0.883249 -0.334218 3.736220,
        0.738728 -0.334218 3.736220,
        0.738728 0.197278 3.736220,
        0.888718 0.197278 3.736220,
        1.166518 -0.061785 3.736220,
        1.162661 -0.011813 3.736220,
        1.148395 0.040555 3.736220,
        1.123703 0.086269 3.736220,
        1.086130 0.127946 3.736220,
        1.085527 0.128476 3.736220,
        1.027674 0.167242 3.736220,
        0.965504 0.189070 3.736220,
        0.949012 -0.328477 3.736220,
        1.010255 -0.310223 3.736220,
        1.065750 -0.277972 3.736220,
        1.109498 -0.236085 3.736220,
        1.139978 -0.188546 3.736220,
        1.159059 -0.132915 3.736220,
        1.059832 0.064412 3.736220,
        1.034016 0.091823 3.736220,
        0.995193 0.116904 3.736220,
        0.951321 0.132256 3.736220,
        0.888414 0.138944 3.736220,
        0.810026 0.138944 3.736220,
        0.810026 -0.275883 3.736220,
        0.885477 -0.275883 3.736220,
        0.941550 -0.270664 3.736220,
        0.986276 -0.256703 3.736220,
        1.022524 -0.235178 3.736220,
        1.052333 -0.205734 3.736220,
        1.074751 -0.169089 3.736220,
        1.090339 -0.119129 3.736220,
        1.095219 -0.063304 3.736220,
        1.090704 -0.010407 3.736220,
        1.078296 0.031631 3.736220,
        0.888414 0.138944 3.740157,
        0.810026 0.138944 3.740157,
        0.951321 0.132256 3.740157,
        0.995193 0.116904 3.740157,
        1.034016 0.091823 3.740157,
        1.059832 0.064412 3.740157,
        1.078296 0.031631 3.740157,
        1.090704 -0.010407 3.740157,
        1.095219 -0.063304 3.740157,
        1.090339 -0.119129 3.740157,
        1.074751 -0.169089 3.740157,
        1.052333 -0.205734 3.740157,
        1.022524 -0.235178 3.740157,
        0.986276 -0.256703 3.740157,
        0.941550 -0.270664 3.740157,
        0.885477 -0.275883 3.740157,
        0.810026 -0.275883 3.740157,
      ]
    }
    coordIndex [
      138, 139, 3, -1,
      3, 139, 6, -1,
      140, 37, 35, -1,
      140, 35, 141, -1,
      141, 35, 33, -1,
      141, 33, 142, -1,
      142, 33, 6, -1,
      142, 6, 139, -1,
      143, 55, 54, -1,
      143, 54, 144, -1,
      144, 54, 53, -1,
      144, 53, 145, -1,
      145, 53, 47, -1,
      145, 47, 146, -1,
      146, 47, 46, -1,
      146, 46, 147, -1,
      147, 46, 45, -1,
      147, 45, 148, -1,
      148, 45, 38, -1,
      148, 38, 149, -1,
      149, 38, 37, -1,
      149, 37, 140, -1,
      150, 32, 34, -1,
      150, 34, 151, -1,
      151, 34, 36, -1,
      151, 36, 152, -1,
      152, 36, 58, -1,
      152, 58, 153, -1,
      153, 58, 57, -1,
      153, 57, 154, -1,
      154, 57, 56, -1,
      154, 56, 155, -1,
      155, 56, 55, -1,
      155, 55, 143, -1,
      156, 24, 23, -1,
      156, 23, 157, -1,
      157, 23, 12, -1,
      157, 12, 158, -1,
      158, 12, 11, -1,
      158, 11, 159, -1,
      159, 11, 10, -1,
      159, 10, 160, -1,
      160, 10, 32, -1,
      160, 32, 150, -1,
      161, 43, 42, -1,
      161, 42, 162, -1,
      162, 42, 41, -1,
      162, 41, 163, -1,
      163, 41, 40, -1,
      163, 40, 164, -1,
      164, 40, 39, -1,
      164, 39, 165, -1,
      165, 39, 26, -1,
      165, 26, 166, -1,
      166, 26, 25, -1,
      166, 25, 167, -1,
      167, 25, 24, -1,
      167, 24, 156, -1,
      168, 4, 44, -1,
      168, 44, 169, -1,
      169, 44, 43, -1,
      169, 43, 161, -1,
      168, 170, 4, -1,
      4, 170, 5, -1,
      171, 31, 30, -1,
      171, 30, 172, -1,
      172, 30, 28, -1,
      172, 28, 173, -1,
      173, 28, 5, -1,
      173, 5, 170, -1,
      174, 50, 61, -1,
      174, 61, 175, -1,
      175, 61, 60, -1,
      175, 60, 176, -1,
      176, 60, 59, -1,
      176, 59, 177, -1,
      177, 59, 64, -1,
      177, 64, 178, -1,
      178, 64, 63, -1,
      178, 63, 179, -1,
      179, 63, 62, -1,
      179, 62, 180, -1,
      180, 62, 31, -1,
      180, 31, 171, -1,
      181, 27, 29, -1,
      181, 29, 182, -1,
      182, 29, 52, -1,
      182, 52, 183, -1,
      183, 52, 51, -1,
      183, 51, 184, -1,
      184, 51, 48, -1,
      184, 48, 185, -1,
      185, 48, 49, -1,
      185, 49, 186, -1,
      186, 49, 50, -1,
      186, 50, 174, -1,
      187, 22, 21, -1,
      187, 21, 188, -1,
      188, 21, 20, -1,
      188, 20, 189, -1,
      189, 20, 9, -1,
      189, 9, 190, -1,
      190, 9, 8, -1,
      190, 8, 191, -1,
      191, 8, 27, -1,
      191, 27, 181, -1,
      192, 0, 193, -1,
      193, 0, 19, -1,
      19, 18, 193, -1,
      193, 18, 17, -1,
      193, 17, 194, -1,
      194, 17, 16, -1,
      194, 16, 195, -1,
      195, 16, 15, -1,
      195, 15, 196, -1,
      196, 15, 14, -1,
      196, 14, 197, -1,
      197, 14, 13, -1,
      197, 13, 198, -1,
      198, 13, 22, -1,
      198, 22, 187, -1,
      0, 192, 1, -1,
      1, 192, 199, -1,
      1, 199, 7, -1,
      7, 199, 200, -1,
      7, 200, 2, -1,
      2, 200, 138, -1,
      2, 138, 3, -1,
      139, 138, 142, -1,
      142, 138, 200, -1,
      142, 200, 141, -1,
      141, 200, 199, -1,
      141, 199, 140, -1,
      140, 199, 192, -1,
      140, 192, 149, -1,
      149, 192, 193, -1,
      149, 193, 148, -1,
      148, 193, 194, -1,
      148, 194, 147, -1,
      147, 194, 195, -1,
      147, 195, 146, -1,
      146, 195, 196, -1,
      146, 196, 145, -1,
      145, 196, 197, -1,
      145, 197, 144, -1,
      144, 197, 198, -1,
      144, 198, 143, -1,
      143, 198, 187, -1,
      143, 187, 155, -1,
      155, 187, 188, -1,
      155, 188, 154, -1,
      154, 188, 189, -1,
      154, 189, 153, -1,
      153, 189, 190, -1,
      153, 190, 152, -1,
      152, 190, 191, -1,
      152, 191, 151, -1,
      151, 191, 181, -1,
      151, 181, 150, -1,
      150, 181, 182, -1,
      150, 182, 160, -1,
      160, 182, 183, -1,
      160, 183, 159, -1,
      159, 183, 184, -1,
      159, 184, 158, -1,
      158, 184, 185, -1,
      158, 185, 157, -1,
      157, 185, 186, -1,
      157, 186, 156, -1,
      156, 186, 174, -1,
      156, 174, 167, -1,
      167, 174, 175, -1,
      167, 175, 166, -1,
      166, 175, 176, -1,
      166, 176, 165, -1,
      165, 176, 177, -1,
      165, 177, 164, -1,
      164, 177, 178, -1,
      164, 178, 163, -1,
      163, 178, 179, -1,
      163, 179, 162, -1,
      162, 179, 180, -1,
      162, 180, 161, -1,
      161, 180, 171, -1,
      161, 171, 169, -1,
      169, 171, 172, -1,
      169, 172, 168, -1,
      168, 172, 173, -1,
      168, 173, 170, -1,
      201, 202, 135, -1,
      135, 202, 136, -1,
      202, 203, 136, -1,
      136, 203, 137, -1,
      203, 204, 137, -1,
      137, 204, 134, -1,
      204, 201, 134, -1,
      134, 201, 135, -1,
      204, 203, 201, -1,
      201, 203, 202, -1,
      205, 125, 119, -1,
      205, 119, 206, -1,
      206, 119, 118, -1,
      206, 118, 207, -1,
      207, 118, 124, -1,
      207, 124, 208, -1,
      208, 124, 105, -1,
      208, 105, 209, -1,
      210, 130, 129, -1,
      210, 129, 211, -1,
      211, 129, 128, -1,
      211, 128, 212, -1,
      212, 128, 133, -1,
      212, 133, 213, -1,
      213, 133, 132, -1,
      213, 132, 214, -1,
      214, 132, 127, -1,
      214, 127, 215, -1,
      215, 127, 126, -1,
      215, 126, 216, -1,
      216, 126, 125, -1,
      216, 125, 205, -1,
      217, 97, 106, -1,
      217, 106, 218, -1,
      218, 106, 120, -1,
      218, 120, 219, -1,
      219, 120, 131, -1,
      219, 131, 220, -1,
      220, 131, 130, -1,
      220, 130, 210, -1,
      217, 221, 97, -1,
      97, 221, 96, -1,
      222, 109, 108, -1,
      222, 108, 223, -1,
      223, 108, 107, -1,
      223, 107, 224, -1,
      224, 107, 95, -1,
      224, 95, 225, -1,
      225, 95, 96, -1,
      225, 96, 221, -1,
      226, 87, 112, -1,
      226, 112, 227, -1,
      227, 112, 111, -1,
      227, 111, 228, -1,
      228, 111, 110, -1,
      228, 110, 229, -1,
      229, 110, 94, -1,
      229, 94, 230, -1,
      230, 94, 93, -1,
      230, 93, 231, -1,
      231, 93, 92, -1,
      231, 92, 232, -1,
      232, 92, 109, -1,
      232, 109, 222, -1,
      233, 115, 103, -1,
      233, 103, 234, -1,
      234, 103, 102, -1,
      234, 102, 235, -1,
      235, 102, 101, -1,
      235, 101, 236, -1,
      236, 101, 88, -1,
      236, 88, 237, -1,
      237, 88, 87, -1,
      237, 87, 226, -1,
      238, 123, 122, -1,
      238, 122, 239, -1,
      239, 122, 121, -1,
      239, 121, 240, -1,
      240, 121, 117, -1,
      240, 117, 241, -1,
      241, 117, 116, -1,
      241, 116, 242, -1,
      242, 116, 115, -1,
      242, 115, 233, -1,
      238, 243, 123, -1,
      123, 243, 89, -1,
      243, 244, 89, -1,
      89, 244, 113, -1,
      244, 245, 113, -1,
      113, 245, 114, -1,
      245, 246, 114, -1,
      114, 246, 90, -1,
      209, 105, 104, -1,
      209, 104, 247, -1,
      247, 104, 100, -1,
      247, 100, 248, -1,
      248, 100, 99, -1,
      248, 99, 249, -1,
      249, 99, 98, -1,
      249, 98, 250, -1,
      250, 98, 91, -1,
      250, 91, 251, -1,
      251, 91, 90, -1,
      251, 90, 246, -1,
      244, 243, 245, -1,
      245, 243, 238, -1,
      210, 223, 220, -1,
      220, 223, 224, -1,
      220, 224, 219, -1,
      219, 224, 225, -1,
      219, 225, 218, -1,
      218, 225, 221, -1,
      218, 221, 217, -1,
      208, 209, 233, -1,
      233, 209, 247, -1,
      233, 247, 242, -1,
      242, 247, 248, -1,
      242, 248, 241, -1,
      241, 248, 249, -1,
      241, 249, 240, -1,
      240, 249, 250, -1,
      240, 250, 239, -1,
      239, 250, 251, -1,
      239, 251, 238, -1,
      238, 251, 246, -1,
      238, 246, 245, -1,
      233, 234, 208, -1,
      208, 234, 235, -1,
      208, 235, 207, -1,
      207, 235, 236, -1,
      207, 236, 206, -1,
      206, 236, 237, -1,
      206, 237, 205, -1,
      205, 237, 226, -1,
      205, 226, 216, -1,
      216, 226, 227, -1,
      216, 227, 215, -1,
      215, 227, 228, -1,
      215, 228, 214, -1,
      214, 228, 229, -1,
      214, 229, 213, -1,
      213, 229, 230, -1,
      213, 230, 212, -1,
      212, 230, 231, -1,
      212, 231, 211, -1,
      211, 231, 232, -1,
      211, 232, 210, -1,
      210, 232, 222, -1,
      210, 222, 223, -1,
      252, 253, 84, -1,
      84, 253, 85, -1,
      253, 254, 85, -1,
      85, 254, 86, -1,
      254, 255, 86, -1,
      86, 255, 83, -1,
      255, 252, 83, -1,
      83, 252, 84, -1,
      255, 254, 252, -1,
      252, 254, 253, -1,
      256, 257, 78, -1,
      78, 257, 79, -1,
      257, 258, 79, -1,
      79, 258, 65, -1,
      258, 259, 65, -1,
      65, 259, 73, -1,
      260, 81, 80, -1,
      260, 80, 261, -1,
      261, 80, 76, -1,
      261, 76, 262, -1,
      262, 76, 75, -1,
      262, 75, 263, -1,
      263, 75, 74, -1,
      263, 74, 264, -1,
      264, 74, 72, -1,
      264, 72, 265, -1,
      265, 72, 71, -1,
      265, 71, 266, -1,
      266, 71, 70, -1,
      266, 70, 267, -1,
      267, 70, 73, -1,
      267, 73, 259, -1,
      256, 78, 77, -1,
      256, 77, 268, -1,
      268, 77, 69, -1,
      268, 69, 269, -1,
      269, 69, 68, -1,
      269, 68, 270, -1,
      270, 68, 67, -1,
      270, 67, 271, -1,
      271, 67, 66, -1,
      271, 66, 272, -1,
      272, 66, 82, -1,
      272, 82, 273, -1,
      273, 82, 81, -1,
      273, 81, 260, -1,
      262, 263, 274, -1,
      274, 263, 264, -1,
      274, 264, 275, -1,
      275, 264, 265, -1,
      275, 265, 276, -1,
      276, 265, 266, -1,
      276, 266, 277, -1,
      277, 266, 267, -1,
      277, 267, 278, -1,
      278, 267, 259, -1,
      278, 259, 279, -1,
      279, 259, 258, -1,
      279, 258, 280, -1,
      280, 258, 257, -1,
      280, 257, 281, -1,
      281, 257, 256, -1,
      281, 256, 282, -1,
      282, 256, 268, -1,
      282, 268, 283, -1,
      283, 268, 269, -1,
      283, 269, 284, -1,
      284, 269, 270, -1,
      284, 270, 285, -1,
      285, 270, 271, -1,
      285, 271, 286, -1,
      286, 271, 272, -1,
      286, 272, 287, -1,
      287, 272, 273, -1,
      287, 273, 288, -1,
      288, 273, 260, -1,
      288, 260, 289, -1,
      289, 260, 261, -1,
      289, 261, 290, -1,
      290, 261, 262, -1,
      290, 262, 274, -1,
      278, 279, 291, -1,
      291, 279, 292, -1,
      278, 291, 293, -1,
      278, 293, 277, -1,
      277, 293, 294, -1,
      277, 294, 276, -1,
      276, 294, 295, -1,
      276, 295, 275, -1,
      275, 295, 296, -1,
      275, 296, 274, -1,
      274, 296, 297, -1,
      274, 297, 290, -1,
      290, 297, 298, -1,
      290, 298, 289, -1,
      289, 298, 299, -1,
      289, 299, 288, -1,
      288, 299, 300, -1,
      288, 300, 287, -1,
      287, 300, 301, -1,
      287, 301, 286, -1,
      286, 301, 302, -1,
      286, 302, 285, -1,
      285, 302, 303, -1,
      285, 303, 284, -1,
      284, 303, 304, -1,
      284, 304, 283, -1,
      283, 304, 305, -1,
      283, 305, 282, -1,
      282, 305, 306, -1,
      282, 306, 281, -1,
      280, 281, 307, -1,
      307, 281, 306, -1,
      279, 280, 292, -1,
      292, 280, 307, -1,
    ]
  }
}

Shape {
  appearance Appearance {
    material Material {
      diffuseColor 0.8431 0.8157 0.7529
      specularColor 0.2510 0.2431 0.2275
      ambientIntensity 0.2
      transparency 0.0000
      shininess 0.5
    }
  }
  geometry IndexedFaceSet {
    ccw TRUE
    solid FALSE
    coord DEF co Coordinate {
      point [
        0.888414 0.138944 3.740157,
        0.810026 0.138944 3.740157,
        0.951321 0.132256 3.740157,
        0.995193 0.116904 3.740157,
        1.034016 0.091823 3.740157,
        1.059832 0.064412 3.740157,
        1.078296 0.031631 3.740157,
        1.090704 -0.010407 3.740157,
        1.095219 -0.063304 3.740157,
        1.090339 -0.119129 3.740157,
        1.074751 -0.169089 3.740157,
        1.052333 -0.205734 3.740157,
        1.022524 -0.235178 3.740157,
        0.986276 -0.256703 3.740157,
        0.941550 -0.270664 3.740157,
        0.885477 -0.275883 3.740157,
        0.810026 -0.275883 3.740157,
      ]
    }
    coordIndex [
      1, 16, 0, -1,
      0, 16, 15, -1,
      0, 15, 14, -1,
      8, 7, 0, -1,
      0, 7, 6, -1,
      0, 6, 2, -1,
      14, 13, 0, -1,
      0, 13, 12, -1,
      0, 12, 11, -1,
      11, 10, 0, -1,
      0, 10, 9, -1,
      0, 9, 8, -1,
      5, 4, 6, -1,
      6, 4, 3, -1,
      6, 3, 2, -1,
    ]
  }
}

Shape {
  appearance Appearance {
    material Material {
      diffuseColor 0.4510 0.4314 0.4196
      specularColor 0.0314 0.0314 0.0314
      ambientIntensity 0.2
      transparency 0.0000
      shininess 0.5
    }
  }
  geometry IndexedFaceSet {
    ccw TRUE
    solid FALSE
    coord DEF co Coordinate {
      point [
        1.626715 -0.248335 3.740157,
        1.626715 -0.306670 3.740157,
        1.259447 0.057422 3.740157,
        1.290628 0.107094 3.740157,
        1.626715 0.111396 3.740157,
        1.566848 0.137032 3.740157,
        1.617190 -0.253612 3.740157,
        1.502247 0.145425 3.740157,
        1.449911 0.139548 3.740157,
        1.414974 -0.333908 3.740157,
        1.363459 -0.316176 3.740157,
        1.320706 -0.288875 3.740157,
        1.280784 -0.246846 3.740157,
        1.252470 -0.196308 3.740157,
        1.338653 0.153227 3.740157,
        1.389147 0.182250 3.740157,
        1.448400 0.199427 3.740157,
        1.410130 0.125191 3.740157,
        1.373343 0.100581 3.740157,
        1.341247 0.065148 3.740157,
        1.302632 -0.074141 3.740157,
        1.308014 -0.131678 3.740157,
        1.322454 -0.177395 3.740157,
        1.440723 -0.276804 3.740157,
        1.490297 -0.282364 3.740157,
        1.401996 -0.262546 3.740157,
        1.369376 -0.240561 3.740157,
        1.344436 -0.214249 3.740157,
        1.560848 -0.274533 3.740157,
        1.319335 0.024111 3.740157,
        1.305168 -0.032787 3.740157,
        1.501640 0.203760 3.740157,
        1.565266 0.199370 3.740157,
        1.626715 0.182695 3.740157,
        1.236474 -0.140050 3.740157,
        1.231334 -0.078496 3.740157,
        1.238980 -0.002933 3.740157,
        1.570061 -0.329933 3.740157,
        1.516354 -0.337458 3.740157,
        1.495006 -0.340450 3.740157,
        1.480473 -0.340699 3.740157,
        1.449217 -0.337458 3.740157,
        1.626715 -0.248335 3.736220,
        1.626715 -0.306670 3.736220,
        1.570061 -0.329933 3.736220,
        1.480473 -0.340699 3.736220,
        1.495006 -0.340450 3.736220,
        1.414974 -0.333908 3.736220,
        1.363459 -0.316176 3.736220,
        1.320706 -0.288875 3.736220,
        1.280784 -0.246846 3.736220,
        1.252470 -0.196308 3.736220,
        1.236474 -0.140050 3.736220,
        1.231334 -0.078496 3.736220,
        1.501640 0.203760 3.736220,
        1.448400 0.199427 3.736220,
        1.389147 0.182250 3.736220,
        1.338653 0.153227 3.736220,
        1.290628 0.107094 3.736220,
        1.259447 0.057422 3.736220,
        1.238980 -0.002933 3.736220,
        1.626715 0.182695 3.736220,
        1.565266 0.199370 3.736220,
        1.626715 0.111396 3.736220,
        1.502247 0.145425 3.736220,
        1.566848 0.137032 3.736220,
        1.302632 -0.074141 3.736220,
        1.305168 -0.032787 3.736220,
        1.319335 0.024111 3.736220,
        1.341247 0.065148 3.736220,
        1.373343 0.100581 3.736220,
        1.410130 0.125191 3.736220,
        1.449911 0.139548 3.736220,
        1.490297 -0.282364 3.736220,
        1.440723 -0.276804 3.736220,
        1.401996 -0.262546 3.736220,
        1.369376 -0.240561 3.736220,
        1.344436 -0.214249 3.736220,
        1.322454 -0.177395 3.736220,
        1.308014 -0.131678 3.736220,
        1.617190 -0.253612 3.736220,
        1.560848 -0.274533 3.736220,
      ]
    }
    coordIndex [
      42, 43, 0, -1,
      0, 43, 1, -1,
      1, 43, 44, -1,
      45, 40, 39, -1,
      45, 39, 46, -1,
      46, 39, 38, -1,
      46, 38, 44, -1,
      44, 38, 37, -1,
      44, 37, 1, -1,
      40, 45, 41, -1,
      41, 45, 47, -1,
      41, 47, 9, -1,
      9, 47, 48, -1,
      9, 48, 10, -1,
      10, 48, 49, -1,
      10, 49, 11, -1,
      11, 49, 50, -1,
      11, 50, 12, -1,
      12, 50, 51, -1,
      12, 51, 13, -1,
      13, 51, 52, -1,
      13, 52, 34, -1,
      34, 52, 53, -1,
      34, 53, 35, -1,
      54, 31, 16, -1,
      54, 16, 55, -1,
      55, 16, 15, -1,
      55, 15, 56, -1,
      56, 15, 14, -1,
      56, 14, 57, -1,
      57, 14, 3, -1,
      57, 3, 58, -1,
      58, 3, 2, -1,
      58, 2, 59, -1,
      59, 2, 36, -1,
      59, 36, 60, -1,
      60, 36, 35, -1,
      60, 35, 53, -1,
      61, 33, 32, -1,
      61, 32, 62, -1,
      62, 32, 31, -1,
      62, 31, 54, -1,
      61, 63, 33, -1,
      33, 63, 4, -1,
      64, 7, 5, -1,
      64, 5, 65, -1,
      65, 5, 4, -1,
      65, 4, 63, -1,
      66, 20, 30, -1,
      66, 30, 67, -1,
      67, 30, 29, -1,
      67, 29, 68, -1,
      68, 29, 19, -1,
      68, 19, 69, -1,
      69, 19, 18, -1,
      69, 18, 70, -1,
      70, 18, 17, -1,
      70, 17, 71, -1,
      71, 17, 8, -1,
      71, 8, 72, -1,
      72, 8, 7, -1,
      72, 7, 64, -1,
      73, 24, 23, -1,
      73, 23, 74, -1,
      74, 23, 25, -1,
      74, 25, 75, -1,
      75, 25, 26, -1,
      75, 26, 76, -1,
      76, 26, 27, -1,
      76, 27, 77, -1,
      77, 27, 22, -1,
      77, 22, 78, -1,
      78, 22, 21, -1,
      78, 21, 79, -1,
      79, 21, 20, -1,
      79, 20, 66, -1,
      42, 0, 6, -1,
      42, 6, 80, -1,
      80, 6, 28, -1,
      80, 28, 81, -1,
      81, 28, 24, -1,
      81, 24, 73, -1,
      74, 45, 73, -1,
      73, 45, 46, -1,
      73, 46, 81, -1,
      81, 46, 44, -1,
      81, 44, 80, -1,
      80, 44, 43, -1,
      80, 43, 42, -1,
      63, 61, 65, -1,
      65, 61, 62, -1,
      65, 62, 64, -1,
      64, 62, 54, -1,
      64, 54, 72, -1,
      72, 54, 55, -1,
      72, 55, 71, -1,
      71, 55, 56, -1,
      71, 56, 70, -1,
      70, 56, 57, -1,
      70, 57, 69, -1,
      69, 57, 58, -1,
      69, 58, 68, -1,
      68, 58, 59, -1,
      68, 59, 67, -1,
      67, 59, 60, -1,
      67, 60, 66, -1,
      66, 60, 53, -1,
      66, 53, 79, -1,
      79, 53, 52, -1,
      79, 52, 78, -1,
      78, 52, 51, -1,
      78, 51, 77, -1,
      77, 51, 50, -1,
      77, 50, 76, -1,
      76, 50, 49, -1,
      76, 49, 75, -1,
      75, 49, 48, -1,
      75, 48, 74, -1,
      74, 48, 47, -1,
      74, 47, 45, -1,
    ]
  }
}
